fahrzeugId,bemerkung
20382,"Bei der Herkunftsangabe handelt es sich wahrscheinich um einen Schreibfehler. Gabriel Aglassinger stammte aus Laufen, Linz dürfte das Ziel gewesen sein."
51433,Zuordnung der Person unsicher.
2951,Herkunft Quelle: Preßperg
67122,Mautbefreiung samt Zillen und Rossgeld. Die Schiffe des Kurfürsten von Bayern wurden von Melk nach München geführt.
69574,"Herkunft Quelle: ""Kofling""."
69935,"Nachname Quelle: ""Plocherer""."
384,In Quelle: Herkunft und Familienname vertauscht: Georg Aidenbach v. Holzmayr
2557,Zum Transport bayerischer Truppen [nach Ungarn] leer stromaufwärts geführt.
51246,"Herkunft Quelle: ""Niclbach"", ""Nülbach"" [?]"
684,"""mit Saill und brod dem Hochenau entgegen""."
686,"Fahrtrichtung unklar: ""mit leith nach Passau"" ist eindeutig stromaufwärts, die geladenen Waren deuten jedoch auf eine Fahrt stromabwärts hin."
10559,Transport von Wien und Krems aus.
58915,Keine Schiffführer angegeben. Fahrt von Hall aus nach Wien.
58952,Herkunft unsicher.
84516,In der Quelle wahrscheinlich irrtümlich kein Fahrzeug angegeben. Wahrscheinlich einige Flöße.
741,"""1 pletl mit brod dem Hochenau entgegen"""
2369,Mit Gütern nach Linz.
2348,Mit Gütern nach Linz.
30204,"Nachname Quelle: ""Steyregger""."
40211,Mit Gütern nach Linz.
1144,Von Passau zurück
1933,"Nachname Quelle: ""Börtl""."
25599,"Nachname Quelle: ""Kolpaur""."
558,Mit Gütern nach Linz.
68319,Zum Jahrmarkt nach Aschach.
1820,"Herkunft Quelle: ""Blättling""."
2996,"""lähr an Pau holzen""."
3019,"Familienname Quelle: Öckl.
Fahrzeug: ""2 floss an spän fehren""."
3036,Mit Gütern nach Linz.
68273,Auch die Schiffe mautbefreit (Lieferung für die Armee).
68135,Flöße zum Beschlachten.
3413,Gebühr falsch angegeben. Richtig sind 6 d.
75214,"""Leer an Bauholz""."
4560,"""Leer an Bauholz""."
37930,"Wortlaut der Quelle nur ""Niklas Rosenberger"" - Ortsangabe ""Tölz"" nicht vorhanden und vom Bearbeiter hinzugefügt."
4174,Mautgebühr falsch. Korrekt: 1 ß 18 d.
4266,Lesung Anzahl der Rösser unsicher
541,Mit Gütern nach Linz.
4491,"Die Gebühr ist hier falsch angegeben. Entweder es handelt sich um ein Asch als Fahrzeug, um 3 Plättel oder die Gebühr müsste 6 d. betragen."
4568,Keine Rosse angegeben.
68158,Quelle: Gebühr für das Fahrzeug wahrscheinlich falsch.
68036,"Nachname Quelle: ""Lemer""."
67524,"Herkunft Quelle: ""von der ober michl""."
4688,"Die Passagiere sind ""samt Zihlnrecht"" (inkl. der Schiffe) mautfrei. Zielort wahrscheinlich Belgrad."
67330,"Mautbefreiung an allen Orten, da die Schiffrosse die kurbayrischen Leibschiffe donauaufwärts gezogen haben."
4836,"Nachname Quelle: ""Ammer""."
5128,Mit Gütern nach Linz.
5168,Mit Gütern nach Linz.
58844,Name Quelle: Aizinger.
67961,Mautbefreit.
15007,"Die Fahrtrichtung ist in der Quelle nicht angegeben. Sie ergibt sich mit dem Transport von österreichischem Wein, der donauaufwärts erfolgt sein muss."
31535,"2 Recht ""an denen hochfürstlichen leibschiffen herauf""."
31504,Mit Gütern nach Linz.
5929,Keine Rosse angegeben.
5950,Keine Rosse angegeben.
6027,Keine Rosse angegeben.
6075,Von Salzburg aus nach Wien.
6315,Von Aschach nach Wien.
57079,"Der Transport von Hausen würde eher für die Transportrichtung ""donauaufwärts"" sprechen. Zugtiere sind jedoch nicht angegeben."
6435,Keine Pferde für den Gegenzug angegeben.
67944,Mit Gütern nach Linz.
6461,"Quelle: ""Schedlbergers wittib v. Ottenshaim""."
67936,Mit Gütern nach Linz.
67917,Auch die Zille mautbefreit.
7522,"Fahrrichtung unsicher. Evtl. kamen die Kaufleute ""von"" Passau und fuhren nach Linz."
28621,"Nachname Quelle: ""Greiff""."
7028,Mit Gütern nach Linz.
7076,Mit Gütern nach Linz.
8216,"Nachname Quelle: ""Zeiller""."
7482,Donauaufwärts nach Passau ist bei dieser Ladung wahrscheinlich. Keine Pferde angegeben.
7542,Mit Gütern nach Linz.
8214,"Nachname Quelle: ""Zeiller""."
7664,Mit Güter nach Linz.
67192,"Nachname Quelle: ""Eitl""."
7928,"In der Quelle nur: ""Rosenauer von Passau"". Dass es sich um Philipp handelt, geht aus dem vorigen Eintrag hervor."
8104,Zur Abholung der Leseherrn aus Passau.
67586,An allen Orten vollständig mautbefreit.
77195,In Stein Ladung von Hafer für die ksl. Armee (in Ungarn).
8470,Die Ladung deutet auf eine Fahrt donauaufwärts hin. In der Quelle sind weder Fahrtrichtung noch Rosse genannt.
8258,Lieferung samt der Flöße mautbefreit.
8364,Lesung Gebühr unsicher.
8548,Die Fahrt ging von Rom nach Kloster Gleink
35955,"Verbucht unter dem 30. Juni.
In Ungarn werden die ""Bergstädte"" (Oberungarn? Evtl. auch Städte im Banat?) beliefert."
8875,Gebühr oder Fahrzeugtyp falsch.
67583,Herkunft unsicher.
24534,"Quelle: Salz für die Herrschaft Pürnstein ""hinauf""."
9223,Anzahl der Zugrosse nicht angegeben.
9472,"""1 Recht mit Laimb""."
76704,Zum Beladen mit Hafer für die ksl. Armee.
10225,Leer an Bauholz.
10272,leer
76833,Entweder Mautgebühr für das Plättel (richtig 6 Pfennig) oder der Fahrzeugtyp in der Quelle falsch angegeben.
10448,leer
10501,"Oberlechner ist zu Rattenberg neben der Brücke an einem Stein angefahren, wodurch das Schiff beschädigt und das Schiffsgut völlig durchnässt wurde. Daher wurde ihm bei allen Mauten nur die Hälfte der Mautgebühr abgenommen."
10574,Quelle: Kein Floßführer genannt.
76992,Zielort ergänzt.
10691,7 Recht an 2 Hohenau: Freigeld von beiden Hohenauen: 6 Gulden
78998,Mit Gütern nach Linz.
10877,Für die Hohenau war Freigeld zu bezahlen.
10984,Mit Gütern nach Linz.
11070,Mit Gütern nach Linz.
13950,"Nachname Quelle: ""Kremayr""."
11251,Auf den Schiffen wurde ksl. Pulver nach Donauwörth transportiert.
11324,Ins Salzamt Zizlau.
11905,Mit Gütern nach Linz.
11925,Mit Gütern nach Linz.
12005,"""2 floss lähr an Pau:holz"""
12131,Zum Transport des hochfürstlichen Salzburger Weins (von Niederösterreich nach Salzburg).
12207,Abfahrtsort: Aschach.
12208,"Auch die Schiffe sind mautbefreit: ""samt zihln recht pass."""
12536,Die Anzahl der Rosse ist unsicher.
8523,"Evtl. handelt es sich bei ""Salzbach"" um eine Verschreibung von ""Sandbach""!"
80158,"Quelle: ""mit etlichen frey pässen""."
34572,"Mit ""Haall"" muss hier Hallein gemeint sein, da Familie Praunsperger eine Halleiner Schiffmeisterfamilie war."
13233,"Quelle: ""Martin Pless von Rapp"". Der Schreiber dürfte hier den Familiennamen des Schiffmeisters (Rapp) und den Herkunftsort (Pleß) vertauscht haben."
79215,Quelle: Entweder Mautgebühr oder Fahrzeugtyp falsch.
13615,Die Gebühr entspricht einem Recht. Evtl. Fehler in der Quelle.
13945,"Nachname Quelle: ""Weyman""."
35422,Transportzug nach Niederösterreich zur Ausfuhr ksl. Getreides nach Tirol.
13749,Mit Gütern nach Linz.
14278,Von München nach Wien.
13851,Mit Gütern nach Linz. Abweichende Fahrzeugmaut eines Linzer Güterschiffes.
13865,"""lähr an pauholz"""
16513,"Nachname Quelle: ""Langsumber""."
16431,Aufgrund der Ladung ist eine Fahrt stromaufwärts zu vermuten. 
79010,Transport von Linz nach Aschach.
25956,Quelle: Mit leeren Geschirr.
75582,"Aus der Angabe der Orte ist ersichtlich, dass der Transport donauaufwärts gehen muss. Zugpferde sind jedoch keine angegeben. "
14440,von der Herrschaft Altenhof nach Linz
77986,Mit Gütern nach Linz.
14605,von Aschach aus 
14705,Nach Passau für Scheiter.
20712,"Nachname Quelle: ""Öhler""."
22459,Die transportierten Waren könnten auf eine Fahrt flussaufwärts hindeuten.
2923,"Nachname Quelle: ""Haill""."
14883,Mit Gütern nach Linz.
14908,Von Linz aus mit Soldaten nach Ungarn.
14939,Mit Gütern nach Linz.
78130,Von Schärding nach Wien
15844,Zum Bartholomäus Markt.
78374,"Mehrfache Fahrt von Neuhaus nach Linz: ""zu underschidlichen mahlen von der herrschafft Neuhauß zum verkauff nacher Linz""."
20743,"Nachname Quelle: ""Leibhueber""."
16818,von Aschach aus
16833,von Aschach aus
52315,"Da die ksl. Armee in Italien das Transportgut empfängt, ist von einer Fahrt stromaufwärts auszugehen."
17656,"Lesung Herkunft ist unsicher. Quelle: ""Pamaiß"". Bodenmais war allerdings Produktionsort von Vitriol/Kupferwasser (siehe Ladung)."
84537,"Mehrere, nicht näher genannte Fahrten für den Bestandsinhaber der Herrschaft Neuhaus."
52291,"Nachname Quelle: ""Räbälix""."
17998,Zillenrecht frei
52049,"Nachname Quelle: ""Dietmann""."
35502,Leer an Bauholz.
66375,Mit Gütern nach Linz.
66436,Der Leibschiffmeister des Kurfürsten von Bayern führt den Kurfürsten und seine Entourage zum habsburgisch-wittelsbachischen Familientreffen nach Melk. Der Schiffzug passierte Aschach um 6 Uhr morgens.
18296,nach Aschach und Landshaag
79497,Samt Floßrecht mautbefreit.
52876,"Nachname Quelle: ""Zani""."
53573,Quelle: Entweder Fahrzeugtyp oder Gebühr falsch.
10700,"Quelle: Evtl. falsche Angabe des Herkunftsortes: München statt ""Neuhaus""."
51424,"Quelle: ""Rethingen"" (gestrichen), darüber ""Redlingen"". Jedoch scheint Dauser mit zahlreichen Schneckentransporten aus ""Rettingen"" in den Aschacher Mautprotokollen auf, weshalb es sich bei der Streichung/Ausbesserung um einen Irrtum der Mautschreiber handeln dürfte. "
51899,"Nachname Quelle: ""Laichinger""."
19120,Entweder Gebühr oder Fahrzeugtyp falsch.
77261,"Quelle Herkunft: ""Segn""."
19175,"Nachname Quelle: ""Fleisch""."
19183,Gesamtsumme berechnet.
67018,Die Herkunft ist wahrscheilich falsch. Richtig wohl Kufstein.
19312,Entweder Gebühr oder Fahrzeugtyp in der Quelle falsch angegeben.
19504,"Ort Quelle: ""Hälla""."
79840,Angabe des Fahrzeugs fehlt. 
19809,Angaben der Rosse unsicher.
20102,"Nachname Quelle: ""Gabl""."
20401,Inkl. Floßrecht mautfrei passiert.
66614,"Quelle Herkunft: ""Plan""."
20831,Mautbefreiung für die Fahrzeuge (Zillenrecht).
64909,"Nachname Quelle: ""Kobl""."
20955,"Fahrzeuge vom ""Floßrecht"" mautbefreit."
31151,von Zizlau aus nach Aschach
64468,Quelle: Kein Herkunftsort angegeben.
64742,"Nachname Quelle: ""Lacher""."
67883,Samt Zillenrecht mautbefreit.
21194,"von Aschach aus nach Engelhartszell, Aichberg und Marsbach"
21234,Mit Gütern nach Linz.
21251,Mit Gütern nach Linz.
31619,"Nachname Quelle: ""Pokhard""."
21655,"Befreiung vom ""Zillenrecht""."
21898,Mit Gütern nach Linz.
21905,Mit Gütern nach Linz.
21979,Nachname Quelle: Erkhl.
62070,"Nachname Quelle: ""Zeütl""."
22624,Weder Fahrtrichtung noch Rosse angegeben. Die Ware deutet auf einen Transport flussaufwärts hin.
64626,"Mautbefreiung vom Zillenrecht, da auf den Fahrzeugen Bagagge für den Prinz Karl von Lothringen geführt wurde."
42137,Quelle Herkunft: Niederwalth.
23008,Für das Fahrzeug wurde keine Maut angegeben; die Maut für das Fahrzeug ist offenbar mit der für die Ladung identisch.
66577,"Nachname Quelle: ""Ebmhauser""."
23043,"Nachname Quelle: ""Pamer"" [?]"
67272,"Nachname Quelle: ""Kalch""."
23569,Die Ladung deutet auf eine Fahrt stromaufwärts hin.
23791,Fahrtrichtung unklar: Die Ladung deutet auf eine Fahrt flussaufwärts hin.
24213,Mit Gütern nach Linz.
24276,Mit Gütern nach Linz.
24464,Mit Seilen und Geschirr um das fürstliche Leibschiff nach Wien.
24934,"Fahrzeuge unklar: ""1000 gmain laden an flessen""."
24990,"Anzahl der Fahrzeuge nicht angegeben: ""3 pfund gmain laden an Flößen""."
25105,"Herkunft Quelle: ""v. Reiff"". Hierbei handelt es sich ganz offensichtlich um eine Verschreibung (Dopplung des Familiennamnes) des Mautschreibers. Georg Reiff scheint immer unter der Herkunft ""Neuhaus"" auf. Daher wurde hier der Ort korrigiert/ergänzt."
69489,"Herkunft Quelle: ""v. der Hayd""."
25469,gmain laden ann ain floß
82609,"Herkunft Quelle: ""Regn"" bzw. ""Segn""? Person ist aber häufig unter ""Regen"" in den AMP zu finden."
26234,Mautbefreiung inkl. Floßrecht.
26356,"Nachname Quelle: ""Dunzinger""."
60887,"Nachname Quelle: ""Gerb""."
26530,Mit 2 Seilen.
26920,Mit leerem Geschirr.
12503,"Herkunft ""Regen"" ist nicht eindeutig. Evtl. könnte es sich auch um eine Kurzform von ""Regensburg"" handeln."
27323,Fahrt zum Herauftransport von Getreide.
27521,"Laut Passbrief allerorts frei passiert. Beleg für den Begriff ""Floßrecht"" als Gebühr."
15278,"Herkunft Quelle: ""Stolzing""."
33755,"Bei der Ortsangabe ""Frankhenstain"" in der Quelle handelt es sich offensichtlich um eine Verschreibung des Mautners, da Balthasar Labeck sonst unter Falkenstein, bzw. Flintsbach (beides am Inn) aufscheint und Frankenstein als Ort nicht in den Aschacher Quellen aufscheint."
24910,"Ort ergänzt. Wahrscheinlich von der Mühl, da Fleischhacker am selben Tag wieder donauabwärts fährt."
56362,"Ob die Ladung des Matthias Gebhard tatsächlich auf dieses Schiff gehört, muss angezweifelt werden. Eher dürften die Mautschreiber die Angabe des Fahrzeugs (inkl. Mautgebühr) des Matth. Gebhard vergessen haben."
18501,"Mit einem Ross. Evtl. wurde das Pferd donauabwärts transportiert, evtl. zog es das Fahrzeug stromaufwärts."
964,"Evtl. könnten die Mautschreiber hier den Familiennamen ""Gräpaur"" vergessen haben."
17363,Mit Gütern nach Linz.
68069,"Quelle Herkunft: ""Segn""."
492,"Herkunft Quelle: ""Sebath""."
20017,"Nachname Quelle: ""Radler""."
21753,"Quelle: ""Ötting""."
68621,"Quelle: ""Ötting""."
30496,von Ulm nach Wien
4420,"Quelle: ""Hessl""."
7666,Quelle: Ötting.
80648,"Herkunft Quelle: ""im Orth""."
30548,Gebühr Quelle falsch: 18 Pfennig. Fahrt von Salzburg nach Linz.
54026,"Quelle Nachname: ""Dengscherz""."
30811,Von der Herrschaft Rannariedl nach Linz.
16764,"Quelle: ""Noburg""."
69262,"Nachname Quelle: ""Menger""."
69092,"Nachname Quelle: ""Storkh""."
67394,"Nachname Quelle: ""Lonas"" [?]."
41558,"Nachname Quelle: ""Garßperger""."
68538,"Nachname Quelle: ""Auer""."
75389,"Nachname Quelle: ""Weltschau""."
9284,"Floßmeister Quelle: ""Georg Umen Eder"" aus Laufen. Wahrscheinlich Verwechslung mit dem vorigen Eintrag ""Georg Eder"" aus Laufen. Die Ladung deutet auf Georg Obeneder aus Stampfing hin."
5491,"Die Fahrtrichtung ist unsicher. Wurde die Ladung nach Obermühl geliefert, ging das Fahrzeug donauaufwärts."
68788,"Nachname Quelle: ""Seml""."
67931,"Nachname Quelle: ""Pohener""."
67281,"Nachname Quelle: ""Gerb""."
32764,Mit Gütern nach Linz
67478,Mit Gütern nach Linz.
67262,"Nachname Quelle: ""Prachmihlner""."
66629,"Quelle: ""nacher Össterreich umb wein""."
59471,Mit Gütern (nach Linz). Zielort Linz ergänzt.
67000,"Nachname Quelle: ""Gerwalth""."
66997,"Herkunft Quelle: ""Nükhlspurg""."
77608,"Nachname Quelle: ""Kaltenhofer""."
54325,"Nachname Quelle: ""Emberstorffer""."
77499,"Herkunft Quelle: ""Pobneis""."
20773,"Nachname Quelle: ""Zeiller""."
72559,Samt Zillenrecht mautbefreit.
77311,"Nachname Quelle: ""Lackhner""."
20760,"Nachname Quelle: ""Streübl""."
33279,Mit einem Ross.
33335,Mautbefreiung
33974,Mautbefreit
34289,Anzahl der Pferde nicht angegeben. Mautbefreit samt Zillen- und Rossgelder.
7805,Keine Rosse angegeben.
35197,"Herkunft Quelle: ""von der Linzer laendt""."
34756,Anzahl der Zugpferde nicht angegeben.
34853,"Quelle: ""mit löhr gschier"": Evtl. ""Lesegeschirr""."
24237,"Herkunftsort Quelle: ""Gall""."
51334,"Zugeordnete Person unsicher. Nachname Quelle: ""Fahrner"" [?]"
13542,Mit einem Ross.
8676,"Die Fahrtrichtung ist nicht angegeben. Aus den Waren geht hervor, dass das Fahrzeug donauab- und -aufwärts transportiert wird."
37658,Zuordnung der Person unsicher.
35739,Fahrt von Linz nach Aschach.
65881,Ab München.
35956,Verbucht unter dem 30. Juni.
35957,Verbucht unter dem 30. Juni.
35958,Verbucht unter dem 30. Juni.
35959,Verbucht unter dem 30. Juni.
35960,Verbucht unter dem 30. Juni.
35961,Erst unter dem 30. Juni verbucht.
35962,"Erst unter dem 30. Juni verbucht.
Nicht ganz klar, ob hier wirklich Praunauer den Transport durchführt."
35963,Verbucht unter dem 30. Juni verbucht. Transportmittel nicht spezifiziert.
35968,Verbucht unter dem 30. Juni.
35969,Verbucht unter dem 30. Juni. Als Zielort ist entsprechend der vorhergehenden Einträge Ungarn bzw. die ksl. Armee in Ungarn anzunehmen.
35970,Verbucht unter dem 30. Juni. Transportmittel nicht ausgewiesen.
35971,Verbucht unter dem 30. Juni.
35972,"Datum unsicher. Verucht unter dem 30. Juni.
"
36004,Aus Ungarisch Altenburg.
36421,Transport von Landshaag aus.
36496,Vom Kloster Niedernburg in Passau zum Brauhaus Landshaag.
84453,"""mit ainer rinnen"""
36855,Von Zizlau aus.
36891,"Mit dem Leibschiff des Grafen von Lamberg, Inhaber der Herrschaft Neuburg am Inn stromaufwärts."
37167,Nach Hause.
37470,Das Floß ist mautbefreit.
37474,Keine Rosse angegeben.
38145,Die Fahrt ist im Jahr 1730 (pag. 24) nachgetragen. Schiffstyp etc. sind nicht genannt und wurden ergänzt. Anzahl der Zugpferde unklar.
10771,Der Datensatz enthält einen Nachtrag zum Jahr 20. Dezember 1729. Lieferung von 70 Metzen Braugerste an das herrschaftliche Brauhaus am Altenhof.
10023,"Fahrtrichtung unklar: wenn das Schiff von Linz/Ottensheim nach Aschach ging, müsste es donauaufwärts gegangen sein."
5724,Keine Rosse angegeben.
6490,Keine Rosse angegeben.
6866,Keine Rosse angegeben.
7765,Keine Rosse angegeben.
7882,Keine Rosse angegeben.
38228,Entweder Anzahl der Fahrzeuge oder Mautgebühr in der Quelle falsch.
3237,Evtl. in Quelle Ort falsch angegeben: Richtig Kufstein?
38585,Quelle: Kein Schiffsführer angegeben.
33707,"Die Herkunft dürfte in der Quelle falsch angegeben sein. Richtig: Rosenheim (Familie Träxler sonst unter Rosenheim, auch die Kalklieferung passt nicht zu Rossgraben!)."
38690,Zum Verkauf.
38698,Falsche Gebühr angegeben: 16 statt 18 Pfennig.
39791,"Nachnamel Quelle: ""Hochfellner""."
38869,Mit leerem Geschirr.
39098,Gebühr Quelle: 16. Entweder Gebühr oder Schiffstyp falsch.
38367,"Wahrscheinlich Fehler in der Quelle: Statt ""Münchner Bote"" richtig wohl ""Salzburger Bote""."
39448,Gestrichen: 1 Ross
39505,Mit Gütern nach Linz.
39506,Anzahl der Flöße bzw. Fahrzeugtyp (Recht?) oder Gebühr falsch (richtig wäre 2 ß 12 d).
39624,Keine Zugpferde angegeben.
40274,Über Regensburg in die Österreichischen Niederlande (siehe auch fol. 774 - 3.9.1725). Anzahl der Pferde nicht angegeben.
40318,Anzahl der Rosse nicht angegeben.
40393,Anzahl der Rosse nicht angegeben.
29562,Nachname Quelle: Wildmann.
40664,Anzahl der Rosse nicht angegeben.
40893,Leer an Bauholz.
40903,Keine Pferde angegeben.
41034,Mit Gütern nach Linz.
5990,Herkunft des Fahrzeugs evtl. falsch angegeben. Richtig vielleicht Windorf.
18152,Die Herkunft des Fahrzeugs ist in der Quelle falsch mit Hall angegeben. Aus der Ladung geht eindeutig Hallein als Ausgangsort hervor.
44328,Ladung und Floße sind mautfrei.
41536,"Nachname Quelle: ""Pupenberger""."
41900,Die Gebühr stimmt nicht mit der Anzahl der Fahrzeuge überein.
42081,Vom Passauer Markt zum Linzer Bartholomäus Markt.
44405,Der Transport von Salz spricht für eine Fahrt stromaufwärts.
42437,Quelle: Entweder falscher Fahrzeugtyp oder falsche Gebühr angegeben.
51589,"Nachname Quelle: ""Gusner""."
42799,Fahrt von Aschach aus.
42822,"Fahrzeuge, die die Dienerschaft und Bagage der Erzherzogin Maria Elisabeth, nach Regensburg transportiert hatten."
46845,"Nachname Quelle: ""Gastlhammer""."
51606,"Nachname Quelle: ""Kreumayr""."
43330,von der Herrschaft Altenhof aus nach Linz
66025,Quelle: Hörzogsburg.
43667,Das Transportgut Salz spricht für eine Fahrt stromaufwärts.
43768,"Nachname Quelle: ""Vogl""."
66888,"Vollkommen mautbereit, da für den Mautinhaber Graf Harrach fahrend."
40609,"Es dürfte sich hierbei um eine Verschreibung der Mautner handeln, da Familie Neundlinger eindeutig aus Neuburg am Inn(!) stammt (vgl. die Matriken der Pfarre Vornbach)."
19182,"Familienname Quelle: ""Neidinger""."
45582,Mit Gütern nach Linz.
28961,Nachname Quelle: Lechenhauser.
45740,"Die Passagiere auf den Flößen sind unklar. Quelle: ""dem polnischen hoffjuden Sinzhaimb Werthaimer [!]"" sowie ""dessen"" 2 Söhne und 2 Diener. Die Leibmaut beträgt 3 fl. pro Person, so dass bei 5 Personen (unter der Prämisse, dass ""Sinzheim"" eine Verschreibung ist, recte: Simon) 15 fl. zu bezahlen waren. Verbucht wurden 18 fl. und damit die Gebühr für 6 Personen. Evtl. richtig: ""Sinzheim und Wertheimer"" [?]."
45743,"Herkunft Quelle: ""Rachausen""."
10675,"Familienname Quelle: ""Forstner""."
45957,Herkunft Quelle: Schadbach.
3059,Mit Gütern nach Linz.
17511,Mit Gütern nach Linz.
37973,Mit Gütern nach Linz.
41012,Mit Gütern nach Linz.
22948,Nürnberger Bote.
60912,"Nachname Quelle: ""Piendl""."
28729,Nürnberger Bote ergänzt.
8756,Nürnberger Bote ergänzt.
40763,"""Nürnberger Bote"" ergänzt."
36701,Nürnberger Bote ergänzt.
44020,"Nachname Quelle: ""Känner""."
44110,"Herkunft Quelle: ""Plimtling""."
46400,"Nachname Quelle: ""Wiemer""."
46565,In das ksl. Schiffamt.
47128,11 leere Bauflöße.
47694,Fahrt ab Linz.
47765,Quelle: Falsche Gebühr für das Fahrzeug oder falsches Fahrzeug eingetragen.
47866,Fahrt von Aschach nach Obermühl.
48259,falsche Angabe (entweder der Schiffstyp oder die Gebühr) in der Quelle
48363,"Nachname Quelle: ""Widthall""."
48402,Inhaber des Fahrzeugs unsicher.
48552,Zum Verkauf.
48570,"Der Eintrag ist missverständlich. Als Fahrtrichtung wird ""herab"" angegeben. Dem steht die Nennung der Anzahl der Schiffsrösser gegenüber. Da die Fahrt am 25. Juli stromaufwärts ging, ist hier eher von einer Fahrt stromabwärts auszugehen."
48601,Mit Gütern nach Linz.
48625,Zum Schiffross vgl. die Fahrt stromaufwärts vom selben Tag.
48626,Mit Gütern nach Linz.
49118,"1 ""pletln recht"""
49157,vom Hochstift Passau nach Wien
49239,von Freiburg nach Wien
49302,Die 32 Baumstämme ergeben zumindest ein Floß.
49369,Die in der Quelle angegebene Gebühr oder die Anzahl der Fahrzeuge ist falsch.
49371,Die in der Quelle angegebene Gebühr oder die Anzahl der Schiffe sind falsch.
49672,"Nachname Quelle: ""Höng""."
49793,Falsche Gebühr in der Quelle angegeben
49898,Evtl. falsche Herkunftsangabe. Statt Passau richtig: Braunau.
54767,"Herkunft Quelle: ""Steuzling""."
11918,"Herkunft Quelle: ""Stolzing""."
49966,In der Quelle zusammen mit Zacharias Gerl aus Neuhaus an der Donau (Datensatz Nr. 49964)
50069,Dem hochfürstl. Passauischen Wein-Hohenau entgegen.
50490,"Nachname Quelle: ""Greiningerin""."
51454,Aufgrund der beförderten Güter ist ein Transport flussaufwärts wahrscheinlich.
51648,Wahrscheinlich ist die Ladung des Schiffes im Mautprotokoll unvollständig verzeichnet. Die Ladungsliste scheint abzubrechen.
51712,"Inhaber, Anzahl der Fahrzeuge und Ladung unbekannt. In der Quelle wird lediglich die Gesamtmauteinnahme des Tages genannt."
51713,"Inhaber, Anzahl der Fahrzeuge und Ladung unbekannt. In der Quelle wird lediglich die Gesamtmauteinnahme des Tages genannt."
51714,"Inhaber, Anzahl der Fahrzeuge und Ladung unbekannt. In der Quelle wird lediglich die Gesamtmauteinnahme des Tages genannt."
51715,"Inhaber, Anzahl der Fahrzeuge und Ladung unbekannt. In der Quelle wird lediglich die Gesamtmauteinnahme des Tages genannt."
51716,"Inhaber, Anzahl der Fahrzeuge und Ladung unbekannt. In der Quelle wird lediglich die Gesamtmauteinnahme des Tages genannt."
51717,"Inhaber, Anzahl der Fahrzeuge und Ladung unbekannt. In der Quelle wird lediglich die Gesamtmauteinnahme des Tages genannt."
51718,"Inhaber, Anzahl der Fahrzeuge und Ladung unbekannt. In der Quelle wird lediglich die Gesamtmauteinnahme des Tages genannt."
51719,"Inhaber, Anzahl der Fahrzeuge und Ladung unbekannt. In der Quelle wird lediglich die Gesamtmauteinnahme des Tages genannt."
51720,"Inhaber, Anzahl der Fahrzeuge (wahrscheinlich 1 Plättel) und Ladung unbekannt. In der Quelle wird lediglich die Gesamtmauteinnahme des Tages genannt."
51721,"Inhaber, Anzahl der Fahrzeuge und Ladung unbekannt. In der Quelle wird lediglich die Gesamtmauteinnahme des Tages genannt."
51722,"Inhaber, Anzahl der Fahrzeuge und Ladung unbekannt. In der Quelle wird lediglich die Gesamtmauteinnahme des Tages genannt."
51723,"Inhaber, Anzahl der Fahrzeuge und Ladung unbekannt. In der Quelle wird lediglich die Gesamtmauteinnahme des Tages genannt."
51724,"Inhaber, Anzahl der Fahrzeuge und Ladung unbekannt. In der Quelle wird lediglich die Gesamtmauteinnahme des Tages genannt."
51725,"Inhaber, Anzahl der Fahrzeuge und Ladung unbekannt. In der Quelle wird lediglich die Gesamtmauteinnahme des Tages genannt."
51726,"Inhaber, Anzahl der Fahrzeuge und Ladung unbekannt. In der Quelle wird lediglich die Gesamtmauteinnahme des Tages genannt."
51727,"Inhaber, Anzahl der Fahrzeuge und Ladung unbekannt. In der Quelle wird lediglich die Gesamtmauteinnahme des Tages genannt."
51728,"Inhaber, Anzahl der Fahrzeuge und Ladung unbekannt. In der Quelle wird lediglich die Gesamtmauteinnahme des Tages genannt."
51729,"Inhaber, Anzahl der Fahrzeuge und Ladung unbekannt. In der Quelle wird lediglich die Gesamtmauteinnahme des Tages genannt."
51730,"Inhaber, Anzahl der Fahrzeuge und Ladung unbekannt. In der Quelle wird lediglich die Gesamtmauteinnahme des Tages genannt."
51731,"Inhaber, Anzahl der Fahrzeuge und Ladung unbekannt. In der Quelle wird lediglich die Gesamtmauteinnahme des Tages genannt."
51732,"Inhaber, Anzahl der Fahrzeuge und Ladung unbekannt. In der Quelle wird lediglich die Gesamtmauteinnahme des Tages genannt."
51733,"Inhaber, Anzahl der Fahrzeuge und Ladung unbekannt. In der Quelle wird lediglich die Gesamtmauteinnahme des Tages genannt."
51734,"Inhaber, Anzahl der Fahrzeuge und Ladung unbekannt. In der Quelle wird lediglich die Gesamtmauteinnahme des Tages genannt."
51735,"Inhaber, Anzahl der Fahrzeuge und Ladung unbekannt. In der Quelle wird lediglich die Gesamtmauteinnahme des Tages genannt."
51778,"Nachname Quelle: ""Siberreinner"""
51805,Mautbefreiung an allen Orten.
51866,Mit Gütern nach Linz.
51883,Mit Gütern nach Linz.
52020,Kein Herkunftsort angegeben.
52030,In der Quelle entweder falsches Fahrzeug oder falsch Gebühr (16 d.) angegeben.
52033,Die Flöße bestehen aus Brunnenröhren.
52184,Zielort ergänzt.
52231,"Familienname Quelle: ""Laichner""."
52400,"Gebühr Quelle: 16 d. Entweder Fahrzeug oder Gebühr falsch. Nachname Quelle: ""Schoibinger""."
52407,In der Quelle kein Ziel angegeben.
52426,In Quelle entweder Fahrzeugtyp oder Gebühr falsch angegeben.
52445,In Quelle Ziel nicht genannt.
52532,Evtl. mit Rossen.
52600,Quelle Gebühr: 6 d. Entweder Fahrzeugtyp oder Gebühr falsch.
52613,In der Quelle kein Zielort genannt.
52618,Von Wasserburg aus.
52669,Quelle Gebühr: 16 d. Entweder falsche Gebühr oder falscher Fahrzeugstyp.
52675,Fahrzeug Quelle: Plättel. Entweder Gebühr oder Fahrzeugtyp falsch.
52909,In der Quelle kein Zielort angegeben.
52910,In der Quelle kein Zielort angegeben.
53087,Ziel in der Quelle nicht angegeben.
53200,In der Quelle kein Zielort angegeben.
53427,Mit Gütern nach Linz.
53446,Mit Gütern nach Linz.
53601,"Herkunft Quelle: ""Pogendorff""."
53779,Aufgrund der beförderten Güter dürfte das Fahrzeug stromaufwärts gefahren sein. In der Quelle nicht vermerkt.
53927,"Nachname Quelle: ""Soiller""."
55207,"Nachname Quelle: ""Wilch""."
54046,"Nachname Quelle: ""Daustroth"""
54773,Entweder Fahrzeugtyp oder Gebühr falsch angegeben.
54820,"Herkunft Quelle: ""Neyhausen""."
54862,"Nachname Quelle: ""Finckhlmayr""."
54929,Keine Angabe des Schifftyps oder der Gebühr.
54930,gebührenfrei
55343,"Nachname Quelle: ""Bitschmer""."
55283,Gebühr Quelle: 16 d. Entweder Gebühr oder Fahrzeug falsch angegeben.
12508,"Familienname Quelle: ""Höfler""."
55651,"""um soldaten abzuführen"""
55666,"Die Bezeichnung Laurers in der Quelle als Nürnberger Bote ist höchstwahrscheinlich falsch, da bereits am Vortag ein Nürnberger Bote Aschach passierte und Laurer ansonsten nie als Bote bezeichnet wird. Laurer dürfte aus Regensburg gekommen sein. Herkunft ergänzt."
56026,Die Ladung deutet auf eine Fahrt donauaufwärts hin. In der Quelle aber kein Hinweis auf eine Bergfahrt.
56161,"Nachname Quelle: ""Prösser""."
56210,Mit Gütern nach Linz.
56228,Mit Gütern nach Linz.
56249,"Nachname Quelle: ""Fierpöckh""."
56483,"Quelle: ""Urban Würgl von Schlögl""."
56603,"Nachname Quelle: ""Peckh""."
56666,Transport vom Linzer Markt nach Obermühl.
56766,"Nachname Quelle: ""Gneidlinger""."
56803,"Quelle: ""Hanns Heyber von Bayrn""."
56934,"Wahrscheinlich handelt es sich bei der Herkunftsangabe um einen Irrtum. Richtig wohl ""Regensburg""."
4961,"Nachname Quelle: ""Pächlmayr""."
62896,"Person Quelle: ""Adam Kieser von Neidt"". Quelle: ""1 fehren floß""."
57318,Mit Gütern nach Linz
57345,Mit Gütern nach Linz.
57445,"Nachname Quelle: ""Grabmer""."
57365,1 Asch oder Plätten
57527,"Herkunft Quelle: ""Sallaburg""."
57563,"Nachname Quelle: ""Landtsteiger""."
57655,"Herkunft Laufen unwahrscheinlich. Verballhornung/Verschreibung? Wahrscheinich Luftenberg (""Lauffenberg""?)."
58066,Quelle: Gebühr oder Fahrzeug falsch angegeben.
58072,"Familienname Quelle: ""Prener""."
58104,"Nachname Quelle: ""Klinz""."
64184,Mautbefreiung inkl. Recht- und Rossgeld. Keine Angabe zur Anzahl der Zugrösser.
58272,"Herkunft Quelle: ""Ischela"" [?]."
58645,Vorname ergänzt.
16981,Die Glashütte des Stifts Schlägl (=Schläglhütte) lag im Ort Schwarzenberg.
58329,Zum Aschacher Jahrmarkt.
58584,"Die Ladung des Fahrzeugs spricht für einen, in der Quelle nicht genannten, Transport stromaufwärts."
58719,vom Salzamt Gmunden nach Passau
58782,Befreiung vom Recht- und Rossgeld. Keine Angabe des Schifftyps und der Anzahl der Schiffe.
59151,"Nachname Quelle: ""Seinl""."
59242,"Bei der Herkunft ""Haall"" (Hall) könnte es sich um eine Verschreibung handeln. Siehe die Einträge zur gleichnamigen Person aus Neuburg am Inn und Haarschedl."
59256,"Herkunft Quelle: ""Haall""."
59390,"Herkunft Quelle: ""Hällä""."
59452,Zielort Linz ergänzt.
59484,Fahrt zum Linzer Markt.
58402,"Nachname Quelle: ""Streiner""."
60027,"Fahrtrichtung in der Quelle nicht vermerkt, aber aus dem Kontext nachweisbar: Die Fahrzeuge sind laut Quelle bei Ybbs (Niederösterreich) verunglückt und es konnte nur ein kleiner Teil der Ladung gerettet werden. Befreiung von der Maut und vom Ross- und Zillenrecht."
82575,"Johann Rapp scheint sonst immer unter der Ortsbezeichnung ""Fellheim"" auf. Evtl. handelt es sich bei der Ortsangabe Kelheim um eine Verschreibung."
83983,"Nachname Quelle: ""Pauhauser""."
60354,Quelle: Fahrzeugtyp und Gebühr nicht genannt.
60581,"Herkunft Quelle: ""Haall""."
60943,"Nachname Quelle: ""Scheuer""."
60638,"Familienname Quelle: ""Sadler""."
61191,"""lähr an pauholz""."
61230,"Gebühr fälschlich mit 16 d. angegeben, oder Fahrzeugtyp statt ""Plättel"": ""Recht""."
61275,"Nachname Quelle: ""Augmair""."
61385,"Nachname Quelle: ""Kierner""."
61882,"Nachname Quelle: ""Zötl""."
61923,"Nachname Quelle: ""Reicher""."
62017,In der Quelle kein Ort angegeben.
62092,"""fless an fehrern"" [aus Föhrenholz]."
62158,"""fless an spänn fehrer"" [Spanföhren]"
62581,"Fahrzeug Quelle: ""wein hochenau"""
60144,"Quelle: ""Lindtner"""
62798,Quelle: Gebühr: 18 d. Entweder Gebühr oder Fahrzeugtyp in der Quelle fehlerhaft.
63248,Gebühr Quelle: 16 d. Entweder Gebühr oder Fahrzeugtyp falsch angegeben.
25782,"Nachname Quelle: ""Weyn""."
84318,"Quelle: ""Clossterburg""."
47454,"Herkunft Quelle: ""von der Kässl""."
63475,Quelle: Keine Fahrzeuge angegeben.
63500,"Im Namen des Nürnberger Botens. Quelle: ""Paul Freudenberger in nahmen des Paul Krammer ord. N. pothens""."
15703,Mit Gütern nach Linz.
63551,"Kein Fahrzeugtyp angegeben: wahrscheinlich Plättel.
Im Namen des Nürnberger Botens. Quelle: ""Paul Freudenberger von Passau in nammen des Georg Lorenz Sackh ord. Niernberger pothens""."
51904,"Familienname Quelle: ""Leibhueber""."
63671,"Keine Fahrzeuge angegeben.
Im Namen des Nürnberger Botens. Quelle: ""Paul Freudenberger v. Passau in namen des Hanns Jacob Felbinger ord. N. pothens"".
Wahrscheinlich handelte es sich um ein Plättel (6 d.)."
63723,"Keine Fahrzeuge angegeben.
Im Namen des Nürnberger Botens. Quelle: ""Paul Freudenberger v. Passau im nahmen Johann Geörg Pehr ord. Niernperger pothens"".
Evtl. handelt es sich hier um kein eigenes Fahrzeug. Siehe Fahrzeug-ID 63722."
63669,Das Fahrzeug transportierte z. T. die Ladung des Nürnberger Botens.
63722,Das Fahrzeug transportierte z. T. die Waren des Nürnberger Botens.
63752,"""an pauholz""."
63930,"Im Namen des Nürnberger Botens: ""im namen Geörg Lorenz Sakh ord. Niernperg. pothens""."
33660,Anzahl der Zugpferde unsicher. Evtl. 10 Pferde.
55931,"Mit Gütern nach Linz. Quelle: ""Regenspurger guett schiff""."
64710,Mit leerem Schiffgeschirr.
64326,"Nachname Quelle: ""Aber""."
20292,Entweder Gebühr oder Fahrzeugtyp in der Quelle falsch angegeben.
45642,Herkunft Quelle: Ötting.
64806,Fahrt nach Mauthausen und Stein.
23399,"""2 flessl lähr, an Pau holzen""."
24142,Quelle: Entweder Mautgebühr oder Anzahl der Fahrzeuge falsch angegeben.
24266,Leer an Bauholz.
65024,Zwei Recht leer zum Verkauf.
24872,"Der Hinweis ""zurück"" (nach Regensburg) in Kombination mit ""mit Rossen"" ist wiedersprüchlich. Vermutlich handelte es sich um eine Fahrt stromabwärts."
25281,"Anzahl der Fahrzeuge unklar: ""3 pfund gmain laden an flessen""."
65127,"Evtl. befanden sich 4 jüdische Passagiere an Bord. Siehe pag. 477 (21. Juni 1738): ""von 4 juden persohnen ist die leib mauth bezahlt worden mit 12 fl., seind bey der gestriegen Wienner fuhr geweßen""."
65144,In das ksl. Schiffamt
67998,"Nachname Quelle: ""Püchner""."
31058,"Nachname Quelle: ""Hilzpaur""."
65334,Die transportierten Güter lassen auf eine Fahrt stromaufwärts schließen.
28972,"Nachname Quelle: ""Perhardtinger""."
65483,"Nachname: Evtl. Verschreibung von Ferdinand ""Dorner""."
29002,Mit Gütern nach Linz.
25907,Mit Gütern nach Linz.
25950,Mit Gütern nach Linz.
28425,Mit Gütern nach Linz.
28449,Mit Gütern nach Linz.
31821,Mit Gütern nach Linz.
33007,Mit Gütern nach Linz.
33041,Mit Gütern nach Linz.
35626,Mit Gütern nach Linz.
35642,Mit Gütern nach Linz.
29076,Mit Gütern nach Linz
37957,Mit Gütern nach Linz.
40071,Mit Gütern nach Linz.
40077,Mit Gütern nach Linz.
41266,Mit Gütern nach Linz.
46951,Mit Gütern nach Linz.
46983,Mit Gütern nach Linz.
55959,Mit Gütern nach Linz.
60270,Mit Gütern nach Linz.
60273,Mit Gütern nach Linz.
61494,Mit Gütern nach Linz.
61679,Mit Gütern nach Linz.
61713,Mit Gütern nach Krems.
65537,Zwei Recht zum Verkauf.
65571,Vom Zillenrecht mautbefreit.
29514,Die Ladung lässt auf einen Transport donauaufwärts schließen.
29933,Die Ladung deutet auf einen Transport flussaufwärts hin.
65645,Vollständig mautbefreit.
65648,"Vollständig mautbefreit (""sambt zillenrecht"")."
31454,Die Ladung deutet auf eine Fahrt stromaufwärts hin.
57742,In der Quelle fehlen Anzahl und Typ des Fahrzeugs.
65813,"14 Schiffe des Herzogs von Lothringen, die Aschach um 6 Uhr früh mautfrei passierten."
65818,Ein Floß an Bauholz.
33099,Quelle: Entweder Fahrzeugtyp oder Mautgebühr falsch angegeben.
65944,"Herkunftsort Quelle: ""Hall"". Jedoch ist hierbei Hallein und nicht Hall in Tirol zu verstehen."
66536,"Nachname Quelle: ""Loicher""."
66072,Mit Gütern nach Linz.
34494,Flöße an Bauholz.
35343,"Nachname Quelle: ""Faikh""."
37020,Unklar Fahrtrichtung wegen Transporgut Salz. Keine Rosse angegeben.
66542,"Zielort Aschach ist ergänzt, ergibt sich aber eindeutig aus dem Eintrag."
39670,"Nachname Quelle: ""Knolb""."
66822,"Auch das Transportmittel mautbefreit (""Samt Zillenrecht"")."
68392,Samt Zillenrecht mautbefreit.
68452,Es fehlt in der Quelle die Ortsbezeichnung.
26511,"Nachname Quelle: ""Veichtl""."
26789,Je nach Lokalisierung von Wörth Fahrtrichtung stromaufwärts bzw. stromabwärts.
70321,"Herkunft Quelle: ""Egen""."
68779,"Die Fahrzeuge wurden auf ksl. Befehlf zur ""Abführung"" der Herzogin von Braunschweig-Wolfenbüttel abgeschickt. Befreiung von Zillenrecht und Rossgeld."
68895,"Nachname Quelle: ""Debang""."
69046,"Nachname Quelle: ""Piringer""."
57648,"Herkunft evtl. Verschreibung von ""Reinhausen""."
63175,Vorname ergänzt.
80785,"Es ist nicht eindeutig, ob Rest auch für Harräffl und Scherzer die Güter transportierte, oder ob diese von Harräffl auf einem eigenen Schiff (Angabe fehlt?) transportiert wurden."
69421,"Herkunft Quelle: ""Fridlsau""."
67217,"Nachname Quelle: ""Griebler""."
69461,"Nachname Quelle: ""Hechenberger""."
70994,"Nachname Quelle: ""Greth""."
70189,Befreiung vom Zillen- und Floßrecht.
70171,"Herkunft Quelle: ""Mertingen""."
70186,Fahrt nach Obermühl um Leinwand herabzuführen.
70240,Quelle: Entweder Mautgebühr oder Fahrzeugtyp falsch.
70381,Befreiung vom Zillen- und Floßrecht.
70388,Mautbefreit laut ksl. Passbrief.
70403,Befreiung vom Floßrecht.
70417,Befreiung vom Zillenrecht.
71128,"Nachname Quelle: ""Piell""."
70635,Mautbefreiung
70950,"Nachname Quelle: ""Wimersperger""."
61692,"Herkunft Quelle: ""Häba""."
21914,"""Dautbach"" dürfte eine Verschreibung von ""Sandbach"" (Herzogtum Bayern) sein."
71686,Samt Zillenrecht mautbefreit.
71697,Samt Zillenrecht mautbefreit.
71791,Samt Zillenrecht mautbefreit.
71796,Samt Zillenrecht mautbefreit.
71825,Samt Zillenrecht mautbefreit.
71981,Samt Zillenrecht mautbefreit.
61481,Herkunftsort unsicher.
66825,"Nachname Quelle: ""Kürcher""."
72490,"Nachname Quelle: ""Bischtaller""."
72116,"Lieferung samt Zillenrecht mautbefreit.
Der Schreiber hat daher die Angabe der Anzahl der Zillen bzw. Rechte offensichtlich vergessen.
Recht ergänzt, Anzahl unklar (1 bis 2)."
72264,Mit Gütern nach Linz.
72267,Fahrt von Landshaag nach Brandstatt.
23439,"Nachname Quelle: ""Haßler""."
72324,Mit Gütern nach Linz.
72332,Samt Zillenrecht mautbefreit.
72364,Anzahl der Rosse unsicher. Evtl. 3 Schiffrosse.
72442,Samt Zillenrecht mautbefreit.
29417,"Nachname Quelle: ""Purer""."
72565,Samt Zillenrecht mautbefreit.
32851,Mit Gütern nach Linz.
72571,Samt Zillenrecht mautbefreit.
72576,Samt Zillenrecht mautbefreit.
72644,Samt Floßrecht mautbefreit.
72668,Mit Gütern nach Linz
30237,"""flessl lähr an spänn:fehren""."
72808,Mit Gütern nach Linz 
73862,"Nachname Quelle: ""Falbikl""."
30682,Entweder Fahrzeugtyp oder Mautgebühr in der Quelle falsch angegeben.
72928,Mautgebühr berechnet. 
72968,Mit Gütern nach Linz.
61264,"Nachname Quelle: ""Krüeger""."
30832,"""Leer an Bauholz""."
75284,"Nachname Quelle: ""Polz""."
74680,"Nach Stein, um dort für die ksl. Armee in Ungarn Hafer anzuschütten (zu verladen)."
31777,"""Leer an Bauholz""."
72690,Mit Gütern nach Linz 
73719,Zum Linzer Bartholomäi-Markt.
39048,Die Glashütte des Stifts Schlägl (=Schläglhütte) lag im Ort Schwarzenberg.
73820,"Quelle Ort: ""Warhamb""."
73912,Mit Gütern nach Linz.
73930,Mit Gütern nach Linz.
67575,"Mit ""Hall"" muss hier Hallein gemeint sein, da Familie Praunsperger eine Halleiner Schiffmeisterfamilie war."
74034,Samt Zillenrecht mautbefreit.
74093,Fahrt von Altenhof nach Linz.
74707,"Nachname Quelle: ""Pebm""."
60839,"Nachname Quelle: ""Jungmehr""."
75260,"Nachname Quelle: ""Rachinger""."
74957,"In Stein Ladung (Aufschüttung) von ksl. Hafer(, der wahrscheinlich für die Armee in Ungarn vorgesehen war). "
74993,Samt Zillenrecht mautbefreit.
75186,"Quelle: Mautgebühr falsch. Schifftyp entweder ""Recht"" oder Gebühr "" 6 Pfennig""."
75314,Inkl. Floßrecht mautbefreit.
63222,"Ort Quelle: ""Hall"". Mit ""Hall"" muss hier Hallein gemeint sein, da die Familie Praunsperger eine Halleiner Schiffmeisterfamilie war."
50484,Ort Quelle: Vring/Uring.
77480,"Nach Aussage des Schiffmeisters ist das Transportschiff durch Sturmwinde oberhalb der Kraiburger Brücke auf einen alten Brückenpfeiler gelaufen, weshalb alle Güter nass geworden sind. Eine glaubwürdige Bestätigung der Vorgänge durch das Mautambt Neuötting wurde vorgelegt, weshalb nur die Hälfte der Mautgebühr berechnet und erhoben worden ist. "
45325,"Nachname Quelle: ""Rinthauer""."
75548,"Herkunft Quelle: ""Walburg""."
75855,Samt Schiffsrecht mautbefreit.
76469,"Nachname Quelle: ""Pendtmayr"""
76249,In Stein sollte Hafer für die ksl. Armee in Ungarn aufgeladen (angeschüttet) werden..
76486,Schiff mautfrei passiert.
76742,Leer an Bauholz.
76756,Samt Zillenrecht mautbefreit.
9871,"Nachname Quelle: ""Leundlinger""."
15726,Mit Gütern nach Linz.
78226,In der Quelle ist bei diesem Eintrag wohl fälschlicherweise kein Fahrzeug verzeichnet.
16958,Quelle: Entweder Gebühr oder Fahrzeugtyp falsch.
59728,Der Schiffsführer wurde offenbar irrtümlich nicht eingetragen.
78936,Fahrzeuge zum Transport des ksl. Proviants.
79023,Mit Gütern nach Linz
79435,In der Quelle ist kein Fahrzeug genannt.
74085,"Es dürfte sich bei ""Haall/Hall"" um eine Verschreibung handeln, da Marx Steiner sonst aus Hallein kommt und auch die geladenen Waren und die Besitzer der Waren, die er transportiert, eindeutig für Hallein sprechen."
79532,Samt Floßrecht mautbefreit.
79606,Samt Floßrecht mautbfreit.
79612,Für den Transport des ksl. Proviants nach Ungarn.
79641,Samt Zillenrecht mautbefreit.
80443,Samt Zillenrecht mautbefreit.
33881,"Familienname Quelle: ""Rampf""."
61479,Vorname ergänzt.
80601,"Laut eines Passbrief ""der herrn reformations commissari"""
80835,Fahrt von Aschach nach Passau. 
82338,"Nachname Quelle: ""Huebmer""."
59671,Transport vom Linzer Markt.
52529,"Nachname Quelle: ""Stökhl""."
81555,Mit Gütern nach Linz.
81618,Samt Zillenrecht mautbefreit.
81655,Mit Gütern nach Linz.
82081,"Quelle: ""von der nider Rannä"""
66463,"Nachname Quelle: ""Trembl""."
58694,"Nachname Quelle: ""Prockhamber""."
58790,"Pag. 425: Nachträge zur Ladung von ""Scheimpongs hochenau""."
62307,"Nachname Quelle: ""Schredt""."
58245,"Nachname Quelle: ""Brickhl""."
55821,"Nachname Quelle: ""Paur""."
38874,"Quelle Nachname: ""Zigl""."
82199,Samt Schiffrecht mautbefreit.
82469,an Bauholz
82515,Mautgebühr für Asch und Scheiter getrennt.
55221,Der Transport des Neusohler Kupfers legt eine Fahrt stromaufwärts nahe.
19301,Örtliche Zuordnung unsicher.
63853,"Herkunft Quelle: ""Pamauß""."
83566,Transport geht von Aschach ab.
52494,"Nachname Quelle: ""Laumber""."
75973,"Nachname Quelle: ""Schreyer""."
84041,"Herkunft Quelle: ""Langfelth""."
84006,Herkunft unsicher.
35964,Verbucht unter dem 17. Juni.
37479,"Quelle: ""Veit Mayr von Ilz"", gemeint ist wahrscheinlich die Ilzstadt in Passau."
81600,"Quelle: ""Sällerspach""."
59517,Herkunft Quelle: Hiezereidl.
64663,"Nachname Quelle: ""Kröbhann""."
30969,"""mit lährn gschier""."
32689,"Familienname Quelle: ""Ganßerer""."
39570,Quelle: Mit leerem Geschirr.
38418,"Nachname Quelle: ""Rokh""."
29561,"Die Güter wurden mit der Hälfte der Gebühren vermautet: ""Dise tyroller fuhrn sind im december vorigen jahrs zu Rosenhaimb in Bayrn im eis verbliben also wegn grosser kälte die fricht vber die helffte verdorben, so auf glaubwürdige attestation von mauttamt Rosenheim allerohrts die helfte mattgebühr abgenommen worden, ein gleiches auch alhier beschechn vnd nur zur nachricht angemerkt wirdet."""
67520,Mit Gütern nach Linz.
62750,Mit Gütern nach Linz.
63044,Mit Gütern nach Linz.
32488,Befreiung des Zillengeldes und Rossgeldes.
32525,"Nachname Quelle: ""Edlmann""."
32695,Keine Anzahl der Pferde angegeben.
33484,"Nachname Quelle: ""Pikhl""."
33489,"Nachname Quelle: ""Prässer""."
33491,Kein Ort angegeben.
39113,"Herkunft Quelle: ""Urfahr Linz"" [Linz-Urfahr]."
39275,"Nachname Quelle: ""Schattl""."
40351,Kein Herkunftsort angegeben.
40583,Gebühr der Fahrzeuge in der Quelle falsch angegeben.
41252,Mit Gütern nach Linz.
41658,"Nachname Quelle: ""Kremer""."
64092,Die Ladung deutet auf eine Fahrt stromaufwärts hin.
41987,"Nachname Quelle: ""Schandl""."
84507,"Nachname Quelle: ""Augermayr""."
42464,"Herkunft Quelle: ""Neuhaus""."
42495,Befreiung vom Zillenrecht.
42621,"Nachname Quelle: ""Ziegler""."
9867,Quelle: Wingler Georg
42713,"Nachname Quelle: ""Vogl""."
47424,"Nachname Quelle: ""Niernberger""."
48586,"Nachname Quelle: ""Wimersperger""."
50434,"Nachname Quelle: ""Prüel""."
50450,"Nachname Quelle: ""Hörßlem""."
50590,Die Fahrtrichtung stromaufwärts ergibt sich aus dem Transport der Gerste nach Obermühl.
55890,Die Fahrtrichtung stromaufwärts ergibt sich aus dem Transport des Weizens nach Obermühl.
62504,Vorname ergänzt.
63606,"Evtl. handelt es sich bei ""Neubach"" um eine Verschreibung von ""Auerbach""."
33903,"Bensheim liegt im Einzugsgebiet des Rheins und kommt daher nur als Herkunftsort des Schiffführers, nicht aber als Abfahrtsort in Frage."
65242,Die transportierten Güter lassen auf eine Fahrt stromaufwärts schließen.
4124,Gebühr der Fahrzeuge in der Quelle falsch angegeben.
65253,"Nachname Quelle: ""Allbökh""."
65967,"Nachname Quelle: ""Kern""."
66111,"Fahrtrichtung Quelle: donauabwärts. Trotzdem Angabe von einem Schiffross, was auf eine Fahrt stromaufwärts hindeutet."
26052,"Brixen ist der Herkunftsort von Obermayr, es kann aber nicht die Abfahrtsstelle sein."
40161,"Brixen ist der Herkunftsort von Obermayr, es kann aber nicht die Abfahrtsstelle sein."
66793,Weder Anzahl noch Typ von Fahrzeugen genannt.
67124,"Nachname Quelle: ""Prierl""."
67644,"Nachname Quelle: ""Löderl""."
11766,Als Abfahrtsort kommt Bürs nicht in Frage. Sonst lässt Johann Gras seine Waren durch Haller Schiffmeister transportieren.
29322,Quelle: Evtl. falscher Abfahrtsort angegeben. Richtig evtl. Reichersberg.
70488,Quelle: Keine Herkunft angegeben.
71085,"Nachname Quelle: ""Lederl""."
72984,"Nachname Quelle: ""Luegerin""."
73812,"Nachname Quelle: ""Prukhner""."
74259,"Nachname Quelle: ""Preyel""."
74825,"Nachname Quelle: ""Scherl""."
30843,"Quelle Herkunft: ""Vällä""."
76929,Transport von Kriegsmaterial - keine Mautgebühr für die Floße.
73545,Aufgrund der Ladung kann eine Fahrt stromaufwärts angenommen werden.
73546,"Aufgrund der Zielangabe ""Hofkirchen"" ist ein Transport stromaufwärts möglich."
73655,"Nachname Quelle: ""Peuschner""."
79295,"Nachname Quelle: ""Pünkhenzeller""."
84542,Quelle: Kein Fahrzeug angegeben.
80830,"Nachname Quelle: ""Lienbinger""."
82597,"Typ Asch Quelle: ""Aschach""."
50241,"Typ Quelle: ""1 recht so ain aschach""."
84545,Quelle: Fahrzeugtyp oder Gebühr falsch angegeben.
68820,"Nachname Quelle: ""Hennke""."
68924,"Nachname Quelle: ""Leindl""."
69622,"Nachname Quelle: ""Schnäpl""."
71864,"Herkunft Quelle: ""Vlbling""."
71929,"Nachname Quelle: ""Aindlesperger""."
71982,Leer an Bauholz.
51818,"Nachname Quelle: ""Schaibinger"".
"
54939,"Nachname Quelle: ""Krember""."
55462,"Nachname Quelle: ""Leibhueber""."
76794,"Herkunft Quelle: ""Schlöng""."
76949,"Nachname Quelle: ""Aigenknecht""."
22062,Zuordnung: Kloster Schlägl.
77599,"Nachname Quelle: ""Peuminger""."
67181,"Nachname Quelle: ""Neumayr""."
78064,Mit Gütern nach Linz.
79901,"Nachname Quelle: ""Haider""."
80270,"Herkunft Quelle: ""Deggendorf""."
80311,"Nachname Quelle: ""Wünkher""."
79750,Hier nicht als Bäcker bezeichnet.
82829,"Nachname Quelle: ""Steyel""."
83054,"Nachname Quelle: ""Geisberger""."
83419,"Inkl. Floßrecht frei passiert, da das Floss ""zur Baunotdurft"" gehört."
74848,"Nachname Quelle: ""Norder""."
68121,"Nachname Quelle: ""Renner""."
56930,"Nachname Quelle: ""Höll""."
56943,"Herkunft Quelle: ""Pildorffen""."
56948,"Nachname Quelle: ""Wünckh""."
56982,"Nachname Quelle: ""Schalchner""."
56997,Anzahl der Fahrzeuge und Gebühr stimmen nicht überein.
57224,"Nachname Quelle: ""Grueber""."
57548,"In der Quelle sind keine Rosse angegeben und damit kein Anhaltspunkt über einen Transport stromaufwärts. Allerdings deuten die geladenen Güter, z. B. Mühlsteine, Eisen, Wein oder Honig, auf einen Transport stromaufwärts hin."
68832,"""Deggendorf"" könnte eine Verschreibung des Mautschreibers sein, da Wolf Höller sonst unter ""Dietzendorf"" aufscheint. "
62491,"Herkunft Quelle: ""Hegersperg"""
54821,"Nachname Quelle: ""Laubmayr""."
58589,"Nachname Quelle: ""Gerb""."
58846,"Nachname Quelle: ""Pällinger""."
58934,Laut Passbrief vom Zillenrecht (Gebühr für die Wasserfahrzeuge) befreit.
39640,"Es dürfte sich hier um eine Verschreibung des Familiennamens durch den Mautschreiber handeln. Statt ""Paul Göbl"" dürfte es sich um ""Paul Gämbl"" handeln. Der Name ""Göbl"" wurde vom nachfolgenden Eintrag (Adam Göbl, Ammergau) wohl irrtümlich übernommen."
9127,Quelle: Guckendorff
52493,"Quelle: ""Salladopel"". Es muss sich ob des Transports von gelber Erde um eine Verschreiung des Mautners handeln. Saulachner scheint sonst immer unter Saladorf/Bayern auf."
65861,"Quelle: ""Aulachner""."
60788,"Nachname Quelle: ""Streibl""."
61435,"Das angegebene Ross suggeriert eine Fahrt stromaufwärts, Eferding liegt allerdings stromabwärts von Aschach."
62251,Plättel und Ware getrennt.
62845,"Nachname Quelle: ""Faldtinger""."
63585,"Fahrtrichtung unsicher. Quelle: ""1 recht mit ainem roß"". Entweder Fahrt stromaufwärts oder stromabwärts mit einem Pferd an Bord."
63651,"Quelle Zielort: ""Felden""."
15103,"Im Anschluss an die Ladungsliste ist die Mautgebühr für im Februar 1719 transportierte 140 Metzen Hafer genannt, für die nun 35 fl. Maut nachbezahlt wurden. Siehe Hs. 106 (1719), pag. 39."
68358,"""Straßburg"" ist als Herkunftsort von Bernhard Franz zu verstehen."
49000,"Quelle Herkunft: ""Strumb""."
79464,"Quelle Herkunft: ""Strumb""."
81093,"Quelle Herkunft: ""Strumb""."
46621,"Herkunft Quelle: ""Traumprunn""."
432,Herkunft Quelle Lesung unsicher: Teiblitz/Triblitz?
13552,"Quelle: ""von der Schauering""."
58211,"Herkunft Quelle: ""in der Zehl""."
23117,"Weißenburg (an der Schwäbischen Rezat) ist der Zielort der einzigen Passagierin an Bord. Wie weit das Schiff fuhr, kann nicht angegeben werden."
66187,"Herkunft Quelle: ""Adensamb""."
71185,"Evtl. ist die Herkunft mit ""Dietfurt"" aufzulösen?"
