herkunftId,herkunft,herkunft_quelle,region,literatur
1,Neuhaus,Neuhauß,,
2,Nürnberg,Niernberg,"Nürnberg, Reichsstadt",
3,Linz,"Linz, Lins","Oberösterreich, Erzherzogtum",
4,Aschach (an der Donau),Aschach,"Oberösterreich, Erzherzogtum",
5,von der Mühl,"von der Michl, von der Mühl, in der Michl, in der Mühel, auß der Mihl","Oberösterreich, Erzherzogtum",
6,Langhalsen,Langholsen,"Oberösterreich, Erzherzogtum",
7,Rosenheim,"Roßenhaim, Rosenhaim, Roßenhaimb, Roßenhamb, Rossenham","Bayern, Herzogtum",
8,Kufstein,"Kopfstain, Khopfstain","Tirol, Grafschaft",
9,Hall,"Hall, Haall, Haal","Tirol, Grafschaft",
10,Passau,"Passau, Passaw","Passau, Hochstift",
11,Regensburg,Regenspurg,"Regensburg, Reichsstadt",
12,Pressburg,"Preßpurg, Preßperg","Ungarn, Königreich",
13,Obernzell/Hafnerzell,"Obernzehl, Hafnerzehl","Passau, Hochstift",
14,Kobling,"Kobling, Khobling","Oberösterreich, Erzherzogtum",
15,Ulm,"Ulm, Ulmb, Ulbm","Ulm, Reichsstadt",
16,Lechbruck,"Lechbruck, Legbrugg, Legbruckh, Lechpruckh","Augsburg, Hochstift",
17,Steyr,"Steyr, Steur","Oberösterreich, Erzherzogtum",
18,Rannariedl,Rännäridl,"Oberösterreich, Erzherzogtum",
19,Berchtesgaden,"Bertlesgaden, Bertasgaden, Pertolßgatten, Pertelesgaden","Berchtesgaden, Fürstpropstei",
79,Stein,Stain,"Niederösterreich, Erzherzogtum",
21,Salzburg,"Salzburg, [Sallaburg???]","Salzburg, Erzstift",
22,Straubing,Straubing,"Bayern, Herzogtum",
24,Tölz,"Tölz, Telz, Tülz","Bayern, Herzogtum",
25,Eferding,"Eferding, Eferting, Efording","Oberösterreich, Erzherzogtum",
26,Wesenufer,"Wesenurfahr, Wesenurfehr, Weßenurphar",Oberösterreich,
27,Wien,Wienn,"Niederösterreich, Erzherzogtum",
28,Freizell/Marsbachzell,"von der Freyzehl, von der Zehl, Freyzehl, Marspachzehl, Maspachzehl, Marspachzehl, von der Maspachzehl, von Masper Zehl, auß der Zehl, Maspach [CAVE- das ist falsch!!!]","Oberösterreich, Erzherzogtum",
29,Engelhartszell,"Englzehl, Englhartszehl, Englerszehl, Englers","Oberösterreich, Erzherzogtum",
30,Laufen,Laufen,"Salzburg, Erzstift",
31,St. Georgen,"S. Georgen, St. Geörgen, St. Jörgen","Oberösterreich, Erzherzogtum",
32,München,Minichen,"Bayern, Herzogtum",
33,Hofkirchen (im Mühlkreis),Hofkürchen,"Oberösterreich, Erzherzogtum",
34,Neuötting,"Neuen Ötting, Neuer Ötting","Bayern, Herzogtum",
35,Grafenau,"Gräfenau, Grafenau","Oberösterreich, Erzherzogtum",
36,Saal,"Sall, Saal, Postzahl (= Postsaal/Post-Saal), Sal","Niedermünster, Reichsstift",
234,Aldersbach,"Alderspach, Allerspach","Bayern, Herzogtum",
38,Pupping,"Pubing, Pupping","Oberösterreich, Erzherzogtum",
39,Kitzbühel,"Küzbichl, Käzbichl","Tirol, Grafschaft",
40,Bogenberg,"Pogenberg, Pognberg, Pogendorff","Bayern, Herzogtum",
41,Deggendorf,"Deckendorff, Teekhendorff, Degendorff, Döggendorff, Deigendorff","Bayern, Herzogtum",
42,Hallein,"Hällä, Hälla, Häla, Halla, Hälä","Salzburg, Erzstift",
43,St. Florian,S. Florian,"Oberösterreich, Ezherzogtum",
44,Ottensheim,"Ottensh., Ottenshaim","Oberösterreich, Erzherzogtum",
45,Lembach,"Lembach, Lempach","Oberösterreich, Erzherzogtum",
46,Tyrlaching,"Tyrlaching, Pierlaching","Salzburg, Erzstift",
47,Schönberg (in Bayern),Schenberg,"Bayern, Herzogtum",
48,Kasten (an der Donau),"Casten, Kasten","Passau, Hochstift",
49,Stadtamhof,"Statt am Hoff, Payrisch Hoff, Bayrisch Hof, Bayrisch Hoff, Statthoff, Pairisch-Hofen, Bayr. Hoff, Payrischenhoff","Bayern, Herzogtum",
50,Emmersdorf (an der Donau),Emerstorff,"Niederösterreich, Erzherzogtum",
51,Kelheim,"Kelhalbm, Kelhaimb, Kelhamb","Bayern, Herzogtum",
52,St. Martin (im Mühlkreis),"St. Mörth, S. Mörten, S. Mörthen","Oberösterreich, Erzherzogtum",
53,Petzenkirchen,Pözenkürchen,"Niederösterreich, Erzherzogtum",
54,Wasserburg (am Inn),"Wasserburg, Wassburg, Waßerburg","Bayern, Herzogtum",
55,Putzleinsdorf,"Puzlstorff, Buzlstorff","Oberösterreich, Erzherzogtum",
56,Weihenstephan,"Weichenstephan, Weichenstephan in Bayrn, Weichenstephan negst Freysing, Weich Stephan in Bayrn, Weichstephan in Payrn, Weyhstephan in Bayrn","Bayern, Herzogtum",
57,Landau,"Landtau, Handau","Bayern, Herzogtum",
58,Ebersdorf,Eberstorff,"Niederösterreich, Erzherzogtum",
59,Seestetten,"Seestötten, Sestötten, Seestott","Bayern, Herzogtum",
60,Sandbach,"Santbach, (Dautbach?), Schadbach, Santpach, Sanntbach","Bayern, Herzogtum",
61,Landshut,Landtshueth,"Bayern, Herzogtum",
62,Augsburg,Augspurg,"Augsburg, Reichsstadt",
63,Kallmünz,"Kalminz, Kolmiz, Kollmiz, Kolminster","Pfalz-Neuburg, Herzogtum",
64,Obernberg (am Inn),"Obernberg, Obernperg","Passau, Hochstift",
65,Brandstatt,"Prandstatt, von der Prandstatt, Prandtstadt, Prandtstath, in der Brandstatt","Oberösterreich, Erzherzogtum",
66,von der Ranna,"von der Rännä, Rännä, in der Ränna, in der Renna, vin der nider Rannä [ist das sinnvoll? wäre das nicht bei Niederranna besser aufgehoben?]","Oberösterreich, Erzherzogtum",
68,Neukirchen am Walde,"Neukürchen, Neukürchen am Walth, Neukh., Neukürchen am Wald, Neykhirchen

Noch ÜBERPRÜFEN!!!",Oberösterreich,
69,Schärding,Schörding,"Bayern, Herzogtum",
70,Angath,"Angeth, Anget","Tirol, Grafschaft",
71,Perlesreut,"Perlesreith, Berlesreith, Berlesreidt","Passau, Hochstift",
72,Burglengenfeld,"Purglengfeld, Burglehnfelden, Lengenfeld","Pfalz-Neuburg, Herzogtum",
73,Wels,,Oberösterreich,
74,Altenhof,Altenhoff,"Oberösterreich, Erzherzogtum",
75,Sallatobel,"Saladopl, Saldopl, Sallertobl","Oberösterreich, Erzherzogtum",
77,Neuburg,Neuburg,,
78,Mitterbichl,"Miterbichl, Mitternbichl, Mitterpichl","Bayern, Herzogtum",
81,Gmunden,Gmunden,"Oberösterreich, Erzherzogtum",
82,Braunau (am Inn),Praunau,"Bayern, Herzogtum",
83,Häuseln,"Heußln, Heußl, Häußln, außn Heusl, Heusln im See","Oberösterreich, Erzherzogtum",
159,Garmisch,"Germsch, Gernisch
","Freising, Hochstift",
85,Einöd (Passau),"Ainött, von der Aineth, Ainet, Aineth","Oberösterreich, Erzherzogtum",
830,Freistadt (im Mühlviertel),"Freystatt, v. d. Freystatt","Oberösterreich, Erzherzogtum",
86,Mittenwald,"Mitterwald, Mitterwalth","Freising, Hochstift",
87,von der Au,"von der Au, in der Au, von Aw, aus der Au, in der Hagenau, von der Hagenau, Hagenau","Oberösterreich, Erzherzogtum",
88,Weitenegg,"Weidenegg, Weideneckh, Weidtenegg","Niederösterreich, Erzherzogtum",
89,Krems,"Crembs, Krembs, Chrembs","Niederösterreich, Erzherzogtum",
90,Glarus,"Clary, Clarus, Clariß","Schweiz, Eidgenossenschaft",
92,Vilshofen,"Vilzhofen, Wilzhofen, Fülzhofen, Vilßhofen","Bayern, Herzogtum",
93,Lambruck,Lambruckh,,
94,Dreissenau,"Dreysenau, Treysenau, Dreyssenau, Treißenaw, Treissenau, von der Dreysenau, von der Dreyßenau","Oberösterreich, Erzherzogtum ",
95,Mauthausen,"Maudhaußen, Mätthausen, Maithausen","Oberösterreich, Erzherzogtum",
96,Salzmann,"Salzman, Salzmann, Salzmanguett","Oberösterreich, Erzherzogtum",
97,Murnau,"Murau, Murnau, Mura","Bayern, Herzogtum",
98,Schongau,"Schangau, Schengau, Schonkhau, Schunckhau, Schannggau, Schankhau","Bayern, Herzogtum",
99,Peiting,"Peutingen, Peiting, Peüzing, Peitingen, Peitting, Peuting, Peuttingen","Bayern, Herzogtum",
100,Donauwörth,"Danauwörth, Thonauwerth","Bayern, Herzogtum",
101,Schalding,"Scholding, Scholting, Schalting, Schalding, Schalling","Bayern, Herzogtum",
102,Irring,"Iring, Yhring, Vring","Passau, Hochstift",
103,Haslach,Haslach,"Oberösterreich, Erzherzogtum",
104,Partenkirchen,Partenkürchen,"Freising, Hochstift",
105,Reinhausen,"Rainhaußen, Ranhausen, Rahausen, Rächähausen, Sächähausen, Rainhaussen, Rachausen, Rähaussen","Bayern, Herzogtum","<p>
	&nbsp;</p>
<p>
	&nbsp;</p>
"
1374,Rohr (Bayern/Schwaben),Rohr,,
108,Mainz,,"Mainz, Erzstift",
109,Würzburg,,"Würzburg, Hochstift",
110,Reichersberg,"Reichersperg, Closter Reichensperg, Reichensperg","Bayern, Herzogtum",
111,Aidenbach,,"Bayern, Herzogtum",
112,Niederösterreich,Unterösterr.,"Niederösterreich, Erzherzogtum",
404,Wiener Neustadt,Wienerischen Neustatt,Niederösterreich,
114,Pielenhofen,"Pilnhoff, Pühlhoff, Pihlnhofen, Pühlnhofen, Pülnhofen, Pülnhoffen, Philnhof, Pildorff, Pilndorffen","Pfalz-Neuburg, Herzogtum",
115,Mossendorf,"Mossendorf, Moendorff, Moßendorff, Mosendorff","Pfalz-Neuburg, Herzogtum",
116,Hochdorf,Hochdorff,"Pfalz-Neuburg, Herzogtum",
118,Regen,"Regen, Rögen","Bayern, Herzogtum",
119,Schwaz,"Schwaz, Schaz","Tirol, Grafschaft",
120,Sibenthurn,Sibenthurn,,
121,Nußdorf (am Inn),"Nussdorf, Neußdorff, Nußdorff","Bayern, Herzogtum",
122,Falkenstein,Falckhenstain,,
123,Seebach,Sebath,"Bayern, Herzogtum",
242,Mering,Mering,,
125,Landsberg,"Landsperg, Landspurg","Bayern, Herzogtum",
126,Windorf,"Windorff, Wittorff, Widorff","Passau, Hochstift",
127,Pleinting,"Bleintling, Pleintling, Plimtling, Pleinding, Blättling, Blätling, Peuting(? siehe Schuster Christoph?)","Bayern, Herzogtum",
128,Innsbruck,Yhnsprugg,"Tirol, Grafschaft",
129,Audorf (Ober-),Audorff,"Bayern, Herzogtum",
130,Heidelberg,Haidlberg,"Kurpfalz, Pfalzgrafschaft",
131,Bibersbach,"Piberspach, Biwerspach","Oberösterreich, Erzherzogtum",
132,Ohlstadt,"[Ischela?], Ohlstatt, Ollstadt, Ollstatt, Olstott, Öschell, Uhlstatt, Ullstatt","Bayern, Herzogtum",
133,Hartkirchen,"Hartkürchen, Hardkürchen, Hardtkhirchen","Oberösterreich, Erzherzogtum",
134,Tittmoning,"Dittmanig, Dithmaning, Dithmanig, Tittmaning, Diethmaning, Dithmering","Salzburg, Erzstift",
135,Polwitz,Polwiz,,
136,Hohenaschau,Hochenaschach,"Bayern, Herzogtum",
137,Eich,Aich,"Pfalz-Neuburg, Herzogtum",
138,Rattenberg,"Rothenberg, Rottenberg","Tirol, Grafschaft",
139,Bodenmais,"Podenmais, Podenaus, Pobneis","Bayern, Herzogtum",
140,Kraiburg,"Crayburg, Cräburg, Graburg, Craiburg","Bayern, Herzogtum",
141,Weißbichl,Weisbichl,,
142,Ingolstadt,"Inglstatt, Inglstadt, Jünglstatt","Bayern, Herzogtum",
143,Donaustauf,"Thumbstauff, Donaustauff, Thonaustauff","Regensburg, Hochstift",
144,Rohrbach (in Oberösterreich),"Rohrbach, Rorbach","Oberösterreich, Erzherzogtum",
145,Klosterneuburg,"Closter Neuburg, [Clossterburg/1652! - in Normdatenbank nicht vermerkt!]","Niederösterreich, Erzherzogtum",
146,Neustadt an der Donau,"Neustatt, Neustädl, Neustatt an der Danau, Neustätten, Neinstatt",Bayern,
147,Sprinzenstein,Sprinzenstain,"Oberösterreich, Erzherzogtum",
148,Ungarn,"Hungarn, aus Hungarn","Ungarn, Königreich",
149,Ischl,Yschl,"Oberösterreich, Erzherzogtum",
150,Wiesen,"Wisen, Wis, von der Wiß, Wiß",,
151,Eichstätt,Aichstött,"Eichstätt, Hochstift",
153,Säusenstein,Seissenstain,"Niederösterreich, Erzherzogtum",
154,Schlägl,"Schlägl, Schlögl, Closter Schlögl, Schlegl, Closter Schlegl","Oberösterreich, Erzherzogtum",
155,Puesen,"Pueßen, Puesen, im Pueßn, außen Puesen","Oberösterreich, Erzherzogtum",
1028,Rinchnach,"Rimichen, Rinichen","Bayern, Herzogtum",
157,Dingolfing,"Dinglfinkh, Dinglfing, Dünglfinckh","Bayern, Herzogtum",
158,Freising,Freysing,"Freising, Hochstift",
160,Maria Taferl,"Maria Täferl, Täferl","Niederösterreich, Erzherzogtum",
162,Königstetten,Königstötten,"Niederösterreich, Erzherzogtum",
279,Kleinzell,"Klainzell, in der Klainzehl","Oberösterreich, Erzherzogtum",
165,Prielhof,"Prielhoff, Pröllhof","Oberösterreich, Erzherzogtum",
166,Fall,"Fahl, Fall","Oberösterreich, Erzherzogtum",
167,Melk,"Mölkh, Mölckh","Niederösterreich, Erzherzogtum",
168,Gämblau,"Gämblau, von der Gämblau","Oberösterreich, Erzherzogtum",
169,Großetzenberg,"Grosozenberg, Großözenberg","Pfalz-Neuburg, Herzogtum",
170,Raab,"Raab, zu Raab in Hungarn, Raab in Ungharn, Rab auß Hungarn, Rhab","Ungarn, Königreich",
171,Schwarzenberg,Schwarzenberg,"Oberösterreich, Erzherzogtum",
172,Waldkirchen (Passau/Bayern),"Waldkürchen, Waltkürchen","Passau, Hochstift",
173,Neufelden,"Neufelden, Felden","Oberösterreich, Erzherzogtum",
174,Haarschedl,"Harschedl, Harrschedl","Oberösterreich, Erzherzogtum",
175,Neuburg am Inn,"Neuburg, Neuburg am Yhn, Neuburg am Yhnn","Oberösterreich, Erzherzogtum",
176,Söldenau,"Säldenau, Sällnau, Salnau, Sälnau, Seilnau, Sollnau, Söllnau, Solnau, Sölnau","Ortenburg, Grafschaft",
277,Zistersdorf,Zizerstorff,Niederösterreich,
178,Neuburg an der Donau,"Neuburg, Neuburg an der Donau, Neuburg an der Thonau","Pfalz-Neuburg, Herzogtum",
179,Obermühl,"Obermichl, Obernmichl, von der Obrn Mühl, von der Obernmichl, von der Obern Mihl, v. der Obern Michl, von der Ober Möchä, zu Obern Michl, v. der Obermihl","Oberösterreich, Erzherzogtum",
180,St. Nikola,"Nicola, S. Nicola, S: Nicola, S: Nicola bey Passau, St. Nicola, St: Nicola, St. Nicola in Passau, St: Nicola vor Passau","Bayern, Herzogtum",
182,Aigen (im Mühlkreis),Aigen,"Oberösterreich, Erzherzogtum",
183,Sarleinsbach,"Särleinspach, Säresbach, Sällerspach","Oberösterreich, Erzherzogtum",
243,Gaishofen,"Gaißhoffen, Gaishofen","Passau, Hochstift",
185,Hinderlachen,Hinderlachen,,
186,Vornbach,"Vormbach, Fohrmbach, Formbach, Fahrnbach,","Bayern, Herzogtum",
187,Wallgau,"Walgau, Wohgau, Wolgau, Walkhau","Freising, Hochstift",
318,Vichtenstein,"Viechtenstain, Fiechtenstain, Fürchtenstain","Passau, Hochstift",
189,Hagen,Hagen,,
190,Waizenkirchen,"Waizenkürchen, Wazenkhürchen","Oberösterreich, Erzherzogtum",
191,Ettal,"Ehethall, Ehetall, Ehtshall, Ethall, Ehthall","Bayern, Herzogtum",
192,Hainburg,Hainburg,"Niederösterreich, Erzherzogtum",
193,Wilhering,"Wihlering, Wilerding, Willering",Oberösterreich,
194,Lambach,"Lambach, Lampach, Lanbach","Oberösterreich, Erzherzogtum",
195,Wald (Oberösterreich),Walth,"Oberösterreich, Erzherzogtum",
196,Landshaag,"Landtshaag, Landtshag","Oberösterreich, Erzherzogtum",
197,Deckelstein,"Dökhlstain, Dekhlstain, Dinckhlstain, Dekenstain","Pfalz-Neuburg, Herzogtum",
199,Niederkappel,"Kapl, Kappl, Kagl, Capl, Nidergapl","Oberösterreich, Erzherzogtum",
201,Zizlau,"in der Zitzlau, von der Zizlau",Oberösterreich,
202,Enns,Enns,"Oberösterreich, Erzherzogtum",
203,Hohenfurch,"Hohenfurth, Hohenfurch, [Hohenburg?], Hochenfurth","Augsburg, Hochstift",
204,Rossgraben,"Rossgrabm, Rossgraben, Rossgramb, Roßgramb","Oberösterreich, Erzherzogtum",
205,Kleeberg,Kleeberg in bayrn,"Bayern, Herzogtum",
206,Gramastetten,"Grämerstötten, Grämästötten, Grämanstetten","Oberösterreich, Erzherzogtum",
207,Enghagen,"Enghagen, Enghaagen, Enghackhen","Oberösterreich, Erzherzogtum",
423,Ratzing,Räzing,"Bayern, Herzogtum",
210,Altötting,Alten Ötting,"Bayern, Herzogtum",
211,Krachenhausen,"Krächähausen, Krächahaußen, Kröhlhaussen, Krachlhausen, Kraichenhaussen","Pfalz-Neuburg, Herzogtum",
212,Heitzenhofen,"Haizenhoff, Haizenhofen, Haizenhof, Haitzenhof, Haitzenhofen, Hazenhofen","Pfalz-Neuburg, Herzogtum",
213,Osternach,"Asternach, Osternäch, Osterna, Osternä",,
214,Illereichen,"Illeraicha, Illerach, Wilderaich, Illeraich","Illereichen, Herrschaft (Limburg-Styrum)",
215,Wörgl,"Würgl, Würckhl",Tirol,
216,Schlögen,"Schlögn, Schlegen, Schläng, Schlöng, Schlönng, Schlegln [CAVE: ist das nicht eher Schlägl? AS] ","Oberösterreich, Erzherzogtum",
217,Gestitz,Gestiz,"Ungarn, Königreich",
218,Haunersdorf,"Haunerstorff, Hörnastorff, Honnerstorff","Niedermünster, Reichsstift",
220,Pesenbach,Pesenbach,"Oberösterreich, Erzherzogtum",
221,See,"See, von See, von der See, im See, in See, außen See, am See","Oberösterreich, Erzherzogtum",
222,Belgrad,Belgräd,"Serbien, Königkreich (1718-1739)",
223,Dietzendorf,Diezendorff,"Bayern, Herzogtum",
233,Prustl,Prustl,,
225,Neuhaus (an der Donau),"Neuhaus, Neuhauß, Neyhauss, Neyhauß","Oberösterreich, Erzherzogtum",
226,Abensberg,"Abensperg, Abenspurg","Bayern, Herzogtum",
227,Gran,Grän,"Ungarn, Königreich",
829,Kaschau,"Caschau, Cössoff","Ungarn, Königreich",
229,Stockerau,Stokherau,"Niederösterreich, Erzherzogtum",
230,Schmidelsau,"von der Schmidlsau, Schmidlsau, von der Schmidlau","Oberösterreich, Erzherzogtum",
241,Ammergau,"Amergau, Ambergau","Bayern, Herzogtum",
344,Gaming,Gäming,"Niederösterreich, Erzherzogtum",
239,Bogen,"Pogen, Pongen","Bayern, Herzogtum",
240,Primsdobl,Primbstobl,"Oberösterreich, Erzherzogtum ",
244,Krummnußbaum,"Krumpnuspaum, Krumpnußpaumb, Grumbspaumb","Niederösterreich, Erzherzogtum",
245,Herzogenburg,"Herzogburg, Hörzogsburg","Niederösterreich, Erzherzogtum",
246,Korneuburg,"Korneuburg, Corneuburg","Niederösterreich, Erzherzogtum",
247,Lauingen,"Lauingen, Laubingen","Pfalz-Neuburg, Herzogtum",
248,Tirol,Tyroll,"Tirol, Grafschaft",
250,Wegenstois,"Wegenstoist, Wögenstois","Oberösterreich, Erzherzogtum",
251,Garsten,"Gärsten, Gersten, Gerst., Steurgärsten, Steyrgarsten, Steyrgärsten","Oberösterreich, Erzherzogtum",
252,Marsbach,"Marsbach, Marspach, Maspach","Oberösterreich, Erzherzogtum",
253,Schildorf,Schildorff,"Oberösterreich, Erzherzogtum",
255,Wetzenberg,Wözenberg,,
256,St. Pölten,"S. Pölten, St: Pölthen","Niederösterreich, Erzherzogtum",
258,Weltenburg,"Weltenburg, Weltenberg, Walthenburg, Wolthenburg, Walburg",Bayern,
259,Steyregg,"Steyrökh, Steurökh, Seyregg, Steyrekh","Oberösterreich, Erzherzogtum",
261,Ebelsberg,"Eblsperg, Ebersperg, Ebelsperg","Oberösterreich, Erzherzogtum",
263,Weingarten,Weingartten,,
264,Ybbs,Ybbs,Niederösterreich,
265,Tegernsee,"Degern See, Degeensee","Bayern, Herzogtum",
266,Pleß,"Pless, Plöss","Buxheim, Reichkartause",
267,Grieskirchen,Grieskürchen,"Oberösterreich, Erzherzogtum",
268,Kempten (Reichsstadt),,"Kempten, Reichsstadt",
269,Mühldorf (am Inn),"Mildorf, Mildorff, Mildorff in Bayrn, Mühldorff, Mülldorf","Salzburg, Erzstift",
270,Höchstädt,"Höchstötten, Hochstätt, Hechstätt, Höchstött","Pfalz-Neuburg, Herzogtum",
271,Mariabrunn,"Maria Prun, Maria Brun unweith Wienn","Niederösterreich, Erzherzogtum",
272,Dinkelsbühl,Dinglspüll,"Dinkelsbühl, Reichsstadt",
273,Ofen (Buda),"Ofen aus Hungarn, Offen","Ungarn, Königreich",
276,Schwarzach,"Schwarzach, Schwarza, Schwärzä","Bayern, Herzogtum",
278,Bruck an der Leitha,Brugg an der Leytha,"Niederösterreich, Erzherzogtum",
280,Kirchberg (ob der Donau),"Kürchberg, Kirchberg, Küeberg","Oberösterreich, Erzherzogtum",
281,Schönering,"Schenering, Schennering","Oberösterreich, Erzherzogtum",
282,Kellberg,Kelberg,"Passau, Hochstift",
283,Ruprechting,Rueprechting,"Oberösterreich, Erzherzogtum",
285,Paris,Paris,"Frankreich, Königreich",
286,Ortenburg,"Orthenberg, Orttenburg","Ortenburg, Grafschaft",
288,Pöchlarn,"Pöchling, Böchling, Pöchlin, Böchlahrn","Niederösterreich, Erzherzogtum",
289,Meishaid,Meißhaid,,
290,Griesbach (Untergriesbach),"Grißpach, Grießbach, Grißbach","Passau, Hochstift",
291,Plattling,"Plättling, Blätling, Plädling, Bleintling, Pleintling, Pleitling, Plödling","Bayern, Herzogtum",
292,Burghausen,"Burghausen, Burghaußen in Bayrn, Burghaussen","Bayern, Herzogtum",
469,Hengersberg,"Hengsperg, Hengersperg, Hengesperg, Hegersperg, Henglsperg","Bayern, Herzogtum",
294,Behamberg,Behamberg nechst Steur,"Niederösterreich, Erzherzogtum",
296,Jenbach,Jenbach,"Tirol, Grafschaft",
482,Kirchdorf (an der Krems),"Kürchdorf, Kürchdorff, Kirchdorf","Oberösterreich, Erzherzogtum",
298,Pfarrkirchen (im Mühlkreis),"Pfarkhürchen, Pfarkürchen, Pfarrkürchen","Oberösterreich, Erzherzogtum",
299,Fürstenzell,Fürstenzehl,"Bayern, Herzogtum",
300,Bernried,"Pernried, Pernreith, Pernrieth, Prenrüeth","Bayern, Herzogtum",
301,Kapfelberg,Käpflberg,"Bayern, Herzogtum",
302,Malching,Malchen,"Bayern, Herzogtum",
303,Mahd,"Madt, Matt, Modt","Oberösterreich,Erzherzogtum",
304,Aisterham,"Aistersham, Astershaim, Aistershaim, Aisterlhamb","Bayern, Herzogtum",
305,Hilgartsberg,Hilgartsperg,"Bayern, Herzogtum",
306,Grein,"Grein, Greinn, Greun","Oberösterreich, Erzherzogtum",
307,Winzer,"Winzä, Wünza, Winza, Wünzä, Wintsee, Windtser","Bayern, Herzogtum",
308,Adnet,Arneth,"Salzburg, Erzstift",
309,Gstöttenau,"Gstöttenau, Gstettenau, Gstenaw","Oberösterreich, Erzherzogtum",
310,Niederalteich,"Niederaltach, Nideraltach","Bayern, Herzogtum",
311,Retzwinkl,"Rezwinckhl, Rözwünckl","Bayern, Herzogtum",
312,Esternberg,"Esternberg, Estenberg, Östernberg, Östenberg, Oestenberg","Bayern, Herzogtum",
313,Hörsching,Hörsching,"Oberösterreich, Erzherzogtum",
422,Waldhausen (Strudengau),"Walthaußen, Balthaußen","Oberösterreich, Erzherzogtum",
315,Pürnstein,Pührnstain,"Oberösterreich, Erzherzogtum",
316,Hals,"Hals, Hols in Bayrn","Bayern, Herzogtum",
900,Grund (Bayern?),Gründt,,
319,Bergheim (Feldkirchen),"Berghaim, Berghaimb, Perkhamb, Bergham, Perchhamb","Oberösterreich, Erzherzogtum",
320,Pyrawang,"Pührawang, Pürawang, Pürwang, Pührwang, Pürbang, Pierabong","Bayern, Herzogtum",
321,Michaelbeuern,"Michael Peyrn, Closter Peyrn","Salzburg, Erzstift",
322,Traunstein,"Traunstain, Thraunstain in Bayrn","Bayern, Herzogtum",
323,Reißing,Reissing,"Bayern, Herzogtum",
324,Mähren,Möhrn,"Mähren, Markgrafschaft",
325,Elchingen,Elchingen,"Elchingen Reichsstift/Ulm, Reichsstadt ",
326,Osterhofen,"Osterhofen, Ostervoven","Bayern, Herzogtum",
327,Indelhausen,"Endlhaußen, Indlhaussen, Haindlhaussen, Englhaußen, Endelhausen, Indlhaußen, Entlhaußen","Indelhausen, Herrschaft (Speth zu Schülzburg)",
328,Gallneukirchen,Gallneukürchen,"Oberösterreich, Erzherzogtum",
329,Fellheim,"Felhhaim, Velhaim, Vehamb, Vehaimb, Velheim, Felhaimb, Welhaimb","Fellheim, Herrschaft (Reichlin von Meldegg)",
330,Aichberg,Aichberg,"Oberösterreich, Erzherzogtum",
331,Neuhausen (an der Leibi),"Neuhaußen, Neuhausen, Neuhaus, Neuhauser","Ulm, Reichsstadt",
332,Fügen,Figen,"Tirol, Grafschaft","<p>
	Peter Anreiter, Christian Chapman, Gerhard Rampl, Die Gemeindenamen Tirols. Herkunft und Bedeutung (Innsbruck 2009) 554.</p>
"
333,Geinöd,Geyened,"Bayern, Herzogtum",
1048,Austerlitz,Austerlüz,"Mähren, Markgrafschaft",
335,Ranshofen,"Ranzhofen in bayrn, Ranzhofa,","Bayern, Herzogtum",
337,Heimertingen,"Hemertingen, Heimertingen, Heindertingen, Heimerding, Heymerting, Mertingen","Heimertingen, Herrschaft (Fugger-Babenhausen)",
338,Dunstelkingen,Dinstlkingen,"Oettingen, Grafschaft",
339,Rettingen,"Rettingen, Rethingen, Reithingen, Rethingen, Reding, Redting",Vorderösterreich (Vorlande),
340,Dillingen,"Dillingen, Tyllingen","Augsburg, Hochstift",
342,Amberg,Amberg,"Bayern, Herzogtum",
343,Altenfelden,Altenfelden,"Oberösterreich, Erzherzogtum",
345,Röhrnbach,"Rehrnbach, Renbach, Rehrnbach, Rernbach","Passau, Hochstift",
346,von der Bschauerin,"von der Bschauerin, von der Bschauering, Bschauering, in der Bschauering","Oberösterreich, Erzherzogtum",
348,Mariazell,"Mariazehl auß Steyrmarckht, Gnaden Ohrt Maria Zell","Steiermark, Herzogtum",
349,Tulln,Thuln,"Niederösterreich, Erzherzogtum",
350,Frauenau,Fraunau,"Bayern, Herzogtum",
351,Mittendorf,"Mitdendorff
",,
352,St. Gilgen,St. Illing,"Salzburg, Erzstift",
353,Katzenbach,Kazenbach,,
354,Holland,Holland,"Vereinigte Niederlande, Republik",
355,Indersdorf,"Inderstorff in Bayrn, Innterstorff in Bayrn","Bayern, Herzogtum",
356,Mauerkirchen ,"Maukürchen, Maurkürchen","Bayern, Herzogtum",
358,St. Andrä (vor dem Hagenthale),S. Andrae in Unter Oesterreich,"Niederösterreich, Erzherzogtum",
359,Vodach,Vodach,,
360,Neudeck,Neudeck,,
361,Hartheim,"Hardtham, Harthamb, Hardhamb","Oberösterreich, Erzherzogtum",
362,Wegscheid ,"Wegschaid, Wögschaidt","Passau, Hochstift",
363,Staffling,Staffling,"Oberösterreich, Erzherzogtum",
364,Mengroth,Mengroth,,
365,von der Wimm (Bayern),"von der Wibm, Wibm",,
366,Inn,"Yhn, Yn, Yhnn, zu Yhn, von Yhn, von Yhnn","Oberösterreich, Erzherzogtum",
367,Perasdorf,"Bührnstorff, Pyhrastorff, Pührastorff, Pürestorff","Bayern, Herzogtum",
370,Teublitz,Deibliz,"Pfalz-Neuburg, Herzogtum",
371,Gessendorf,"Gessendorf, Gössendorff, Gezendorff, Gossendorf, Gözendorff","Pfalz-Neuburg, Herzogtum",
372,Brüssel,Prissl,Österreichische Niederlande,
374,Marbach,Marbach,,
375,Kleinweil,"Klainweill, Clainweill","Bayern, Herzogtum",
376,Reuting,"Reuting, Reuthing, Rething, Reithing, Reitting, Reithung",,
379,Aggsbach,Agspach in unter öesterr.,"Niederösterreich, Erzherzogtum",
380,Regenstauf,Regenstauff,"Pfalz-Neuburg, Herzogtum",
381,St. Margarethen,S. Margarethen,"Oberösterreich, Erzherzogtum",
382,Wiesreith,Wißreith,Bayern,
383,Wörth,"Wöhrd, Wörth, Wöhrt, [Weydth,] Würth, [Weidet]",,
385,Schaden,"Schaden, am Schadt, am Schaden, Scharn","Oberösterreich, Erzherzogtum",
387,Gleink,Gleinck,"Oberösterreich, Erzherzogtum",
388,Seitenstetten,"Seudenstetten, Seittenstötten","Niederösterreich, Erzherzogtum",
389,Weichseldorf,Weixldorff,"Pfalz-Neuburg, Herzogtum",
390,Peuerbach,"Peyrbach, Paurbach, Beurbach, Peuerbach, Beyrbach","Oberösterreich, Erzherzogtum",
392,Dürnkrut,Dürnkrutt,"Niederösterreich, Erzherzogtum",
394,Grassäckl,Grassäkhl,,
395,Maria Lanzendorf,Lanzendorff,"Niederösterreich, Erzherzogtum",
397,Scheppach,"Schebach, Schepau",Vorderösterreich (Vorlande),
398,Neusohl,Neusoll,"Ungarn, Königreich",
399,von der Hofleiten,von der Hofleiten,,
400,Weyreth,"Weyreth, Weyrath, Wörth, Weyr, Weidet",,
401,Ebenwies,"Ebenwiss, Ebenwisen, Ewenwis, Ebenwißen, Ebenwies, Edenwissen","Pfalz-Neuburg, Herzogtum",
402,Gaishäusel,"Gaisheußln
","Oberösterreich, Erzherzogtum",
403,Flintsbach,"Flinßpach, Flintßpach, Flinspach","Bayern, Herzogtum",
405,Stotzingen,"Stuzingen, Stozing, Stolzing","Niederstotzingen, Reichsritterschaftlicher Ort",
406,Hauzenberg,"Hauzenberg, Hausstenberg","Passau, Hochstift",
407,Wolfenbüttel,Wolfenbitt.,Braunschweig-Wolfenbüttel,
409,Tyrnau,Diernau in Hungarn,"Ungarn, Königreich",
410,Stampfing,Stämpfing,"Passau, Hochstift",
411,Pichl,Pichl,"Oberösterreich, Erzherzogtum",
413,Karlstein (Regenstauf),Karlstain,"Pfalz-Neuburg, Herzogtum",
414,Peilstein,"Peylstain, Peystain","Oberösterreich, Erzherzogtum",
415,von der Siferein,"von der Siferein, von der Sifrein, Siferein, v. der Safrein","Oberösterreich, Erzherzogtum",
416,Tannheim,Danhaim,"Ochsenhausen, Reichsabtei",
417,Ebenzweier,Ebenzweug,"Oberösterreich, Erzherzogtum",
418,Freyung,"Freying, von der Freying, von der Freyung","Passau, Hochstift",
681,Neapel,"Neapl, Neapolis","Neapel, Königreich",
421,Mitterham,Mitterhamb,"Oberösterreich, Erzherzogtum",
424,Aitrach,"Eytrach, Aitrach, Neurtrach, Neutra, Neuträ, Neutrau, Neutrach, Eitrach, Neiträ","Marstetten, Herrschaft (Waldburg-Zeil-Wurzach)",
425,Kellnering,Kellnering,"Oberösterreich, Erzherzogtum",
426,Hößgang,"Hößgang, Hösgang, Hössgang","Niederösterreich, Erzherzogtum",
427,Chiemsee,"Kembsee, Khiembsee, Khümsee, Kiembsee, Kiemsee, Kiemse, Kimbsee, Kimse, Kimsee","Bayern, Herzogtum",
428,Schönbühel,Schenbichl,"Niederösterreich, Erzherzogtum",
429,Füssen,Viessen,"Augsburg, Hochstift",
430,Göttweig,"Göttweig, Köttwein","Niederösterreich, Erzherzogtum",
431,Stadl,"am Stadl, vom Stadl, vom Statl","Oberösterreich, Erzherzogtum",
432,Puchberg,[herrschafft] Puechberg nechst Wels,"Oberösterreich, Erzherzogtum",
433,Neuhäusl,Neuheußl,,
434,Essing,Essing,"Bayern, Herzogtum",
435,St. Blasien im Schwarzwald,"S. Blasien auf dem Schwarzwalth, S. Blassien im Schwarzwalth, St: Plasy auf dem Schwarzwalth",Vorderösterreich (Vorlande),
436,Habach,"Häbä, [Hällä, als Verschreibung von Häbä], Häbach.","Bayern, Herzogtum",
437,Straß,Strass,,
438,Sagedt,"Saaged, Saged, von der Saged, von der Sageth","Oberösterreich, Erzherzogtum",
439,Wasen,Waßen,,
1249,Bergheim,,,
441,Götzendorf,"Gözendorf, Gezendorf, Gezendorff","Oberösterreich, Erzherzogtum",
442,Pest,"Pest, Pesst, Pesst in Hungarn","Ungarn, Königreich",
443,Achleiten,Achleithen,,
444,Ötting,"Ötting, Otting","Bayern, Herzogtum",
445,Goldwörth,Goldwörth,"Oberösterreich, Erzherzogtum",
744,Lombardei,Lombardie,"Lombardei, Landschaft",
447,Moosburg,"Mospurg, Mißburg","Bayern, Herzogtum",
448,Hochleiten,Hochleithen,,
449,Petronell,Petronell,"Niederösterreich, Erzherzogtum",
450,Ochsenhausen,"Oxenhausen, Oxenhaußen","Ochsenhausen, Reichsabtei",
452,Perg,"Perg, Perg nechst Mautthausen, Berg in Unter Oester.
[Cave: nicht mit Berg bei Rohrbach zu verwechseln]","Oberösterreich, Erzherzogtum",
453,Schenkenfelden,Schenckherfelden,"Oberösterreich, Erzherzogtum",
454,von der Kaiserau,"auf der Kayserau, von Khaißersaw, in der Kayserau, von der Kaiserau, Kaiserau","Oberösterreich, Erzherzogtum",
456,von der Falkenau,"von der Falckenau, Vokhenau, von Falckhenaw, Falckhenaw","Oberösterreich, Erzherzogtum",
748,Leopoldstadt (Wien),,"Niederösterreich, Erzherzogtum",
865,Mohacs,Mohätsch,"Ungarn, Königreich",
459,Biberach,Biberach,,
1002,Enzendorf,"Ennßdorf [dennoch eindeutig, da Georg Friedl in Esternberg und Enzendorf und auch in den Pfarrmatriken von Esternberg unter Enzendorf nachweisbar ist] Enzendorff, Enzerstorff","Bayern, Herzogtum",
461,Doblstein,Doblstain,"Bayern, Herzogtum",
462,Schönau (im Bayerischen Wald),Schenau,"Bayern, Herzogtum",
463,Sigl,Sigl,"Oberösterreich, Erzherzogtum",
465,Feldkirchen (an der Donau),"Veldkürchen, Veldtkürchen","Oberösterreich, Erzherzogtum",
466,Altenmarkt (an der Triesting),Altenmarkht,"Niederösterreich, Erzherzogtum",
467,Persenbeug,"Pesenpey, Peßenboy","Niederösterreich, Erzherzogtum",
470,Heining,"Heining, Heiming [?], Hauning [?]","Bayern, Herzogtum",
471,Mautern,"Maudern in unter öesterreich, Mauttern","Niederösterreich, Erzherzogtum ",
472,Salzbach,Salzbach,,
474,Gaisbach,"Gaißbach, Gaißpach, Geisbach",,
475,Mistelbach (bei Wels),Mistlbach,"Oberösterreich, Erzherzogtum",
476,Morukirchen,Morukürchen,,
477,Haitzendorf,"Haizendorff, Haitzendorff",,
478,Eigenberg,Eigenberg,,
479,Olmütz,Ulmiz,"Mähren, Markgrafschaft",
480,Weißenstein,Weißenstain,Bayern,
483,Tiffart,Tiffart,,
484,Eppenschlag,"Epenschlag, Ökhenschlag","Bayern, Herzogtum",
485,Heitzenberg,Haizenberg,"Bayern, Herzogtum",
487,Raitenhaslach,"Raithenhaßlach, Raitenhaslach, Raittenhaslach, Reitenhaßlach","Bayern, Herzogtum",
488,Breslau,Preßlau,"Schlesien, Herzogtum",
489,St. Martin (in Bayern),St. Mörthen in Bayrn,"Bayern, Herzogtum",
721,Zellfing,Zelfing,,
491,Weigerhäusel,"am Weigerheusl, Weigerheußl, Weigerhausl, Waygerhausl","Oberösterreich, Erzherzogtum","<p>
	<a href=""http://&lt;iframe width=&quot;560&quot; height=&quot;315&quot; src=&quot;https://mapire.eu/en/map/cadastral/embed/?layers=3%2C4&amp;bbox=1559404.606485515%2C6171197.814391281%2C1563030.5880147931%2C6172392.142958237&quot; frameborder=&quot;0&quot; allowfullscreen&gt;&lt;/iframe&gt;"" target=""_blank"">Mapire</a></p>
"
493,Grub (bei Kirchberg),Grueb,"Oberösterreich, Erzherzogtum",
495,von der Steingrub,von der Staingrueb,,
496,England,,"England, Landesteil (seit 1707, davor Königreich)",
497,Walding,"Walting, Walding","Oberösterreich, Erzherzogtum",
498,von der Exlau,"von der Exlau, in der Exlau","Oberösterreich, Erzherzogtum",
499,Strasserhäusel,Strässer Heußl,"Oberösterreich, Erzherzogtum",
500,Gneisenau,"Gneissenau, Gneißenau","Oberösterreich, Erzherzogtum",
501,Gstocket,Gstokhet,"Oberösterreich, Erzherzogtum",
503,Mantua,,"Mantua, Herzogtum",
506,Bamberg,Bamperg,"Bamberg, Hochstift",
507,von der Schütt,"von Schutto aus Hungern, in der Schitt in Hungern","Ungarn, Königreich",
508,Hochstraß,Hochstrass,,
510,Beuern,Peyrn,"Bayern, Herzogtum",
511,Zwettl,Zwetl,Niederösterreich,
512,Stroheim,Strohamb,"Oberösterreich, Erzherzogtum",
513,Inzell,"Yhn Zehl, Yhnzehl, Insehl, In Zehl","Oberösterreich, Erzherzogtum",
514,Krün,"Krün, Grin, Krünn, Khürn","Freising, Hochstift",
515,Radstadt,Rattstatt,"Salzburg, Erzstift",
516,Griesingen,"Grüeßing, Grießingen, Kriesamb",Vorderösterreich (Vorlande),"<p>
	In &Ouml;sterreichisch Schwaben. Rudolf &nbsp;Kiess, Art. Griesingen, in: Baden-W&uuml;rttemberg, hg. von Max Miller (Handbuch der historischen St&auml;tten Deutschlands 6, Stuttgart 1965) 222.</p>
"
518,Ried,Riedt,"Bayern, Herzogtum",
519,Bremelau,"Premerau, Premelau, Premerlau, Premblau","Obermarchtal, Reichsstift",
520,Andrewiz,Andrewiz auß Hungahrn,"Ungarn, Königreich",
521,Tolnau,Dolnau auß Hungahrn,"Ungarn, Königreich",
522,Erlangen,"Erlangen, Erlohn","Brandenburg-Bayreuth, Markgrafschaft",
523,Stöckelmühle,Stöcklmihl,"Oberösterreich, Erzherzogtum",
524,Holzheim (an der Leibi),"Holza, Hölza, Holzach, Holzhaimb",Vorderösterreich (Vorlande),
525,von der Zell,"Zehl, Zell, von der Zehl

",,
526,Spitz,"Spüz, Spizen","Niederösterreich, Erzherzogtum",
527,Franzenöd,Franzenedt,,
528,Bubesheim,"Puebeshaim, Purbeshaim",Vorderösterreich (Vorlande),
530,Hellmonsödt,"Hellmansed, Helmesed, Helmaseth","Oberösterreich, Erzherzogtum",
532,Unterlandshaag,,"Oberösterreich, Erzherzogtum",
533,Monheim,"Monhaimb, Manheimb, Monheimb","Pfalz-Neuburg, Herzogtum???",
534,Sitzendorf,Sizendorff,"Niederösterreich, Erzherzogtum",
535,Esseg,Essegg,"Ungarn, Königreich",
537,Lautlingen,"Lautling, Lauthingen, Lautlingen","Lautlingen, Herrschaft (Schenk von Stauffenberg)",
538,Rechberg,Rechberg,,
539,Günzburg,Günzburg,Vorderösterreich (Vorlande),
540,Urfahr,"Ufar, in Uhrfahr, Urfahr","Oberösterreich, Erzherzogtum",
541,Großweil,Grossenweill,"Bayern, Herzogtum",
543,Theuerwang,"Theurwang, Deyrwang","Oberösterreich, Erzherzogtum",
545,Riedenburg,Riedenburg,"Bayern, Herzogtum",
905,Aichet,Aichet,,
547,Pfatter,"Pfädä, Pfädär, Pfödtä","Bayern, Herzogtum",
548,Weilheim,Weilhamb,"Bayern, Herzogtum",
549,Bürs,Bürsch,Vorderösterreich (Vorlande),
550,Italien,Italien,Italien,
551,Skalitz,"Skaliz in Hungarn, hungar. Szliz, Staliz","Ungarn, Königreich",
552,Marchtal,Markhthall in Schwaben,"Marchtal, Reichsstift",
553,Marktl,"Marckhl, Märckhl","Bayern, Herzogtum",
554,Bruckdorf,"Pruckdorff, Pruckhdorff","Bayern, Herzogtum",
555,Lothringen,Lothring,"Lothringen, Herzogtum",
557,Windberg,"Widenberg, Wünberg, Windberg",Bayern,
559,Preßfurt,Preßfurth,"Bayern, Herzogtum",
561,Schwarzbach (AMP),Schwarzbach,,
562,Kohlwiesen,Kolwißen,,
823,Imbach ,Imbach,"Niederösterreich, Erzherzogtum",
564,Berg bei Rohrbach,"Berg, Berg bey Rohrbach
","Oberösterreich, Erzherzogtum",
565,Temeswarer Banat,Temeswarer Banat,"Temeswarer Banat, Kron- und Kammerdomäne (1718-78)",
566,Frauenrain,Fraurain,"Bayern, Herzogtum",
567,Minichroth,"Minichroth, Minichrath",,
568,Dornbach,Dornbach in Unterösterreich,"Niederösterreich, Erzherzogtum","<p>
	https://de.wikipedia.org/wiki/Dornbach_(Wien)</p>
"
569,Oxenbronn,"Oxenprun, Oxenbrun",Vorderösterreich (Vorlande),
904,Mergentheim,Mergentheimb,"Mergentheim, Meistertum des Deutschen Ordens",
572,Kunewald,"Kueewald in Mähren, Kunnewaldt in Mähren","Mähren, Markgrafschaft",
573,Kaufering,Kauffring,"Bayern, Herzogtum",
574,Garndorf,Garndorff,,
575,Stuttgart,"Stugart, Stukhard, Stuttgartt","Württemberg, Herzogtum",
576,Breisach,Breysach,Vorderösterreich (Vorlande),
577,Hienheim,"Hienhamb, Hüenams, Heinhann, Herchhaim","Bayern, Herzogtum",
767,Kremnitz,"Cremiz in Hungarn, Cremiz [kaysl. ambt] nach Hungarn, Cremnitz in Sibmbürgen [bei dieser Zuordnung muss es sich um einen Fehler/Irrtum der Mautschreiber handeln]","Ungarn, Königreich",
579,Neubeuern,"Neupeurn, Neubeyrn, Neybeyrn, Neuprun, Neuenbeuen","Bayern, Herzogtum",
582,Aicha,Aicha,,
620,Wolfratshausen,"Wolfertshausen, Wolfershaußen",Bayern,
584,Münster,Münster,"Münster, Hochstift",
585,Arzl,Ärzl,"Tirol, Grafschaft",
586,Neulengbach,Neuen Lembach,"Niederösterreich, Erzherzogtum",
587,Wesendorf,"Wesendorff, Wesendorf, Wösendorff, Wessendorf",,
588,Temeswar,,"Temeswarer Banat, Kron- und Kammerdomäne (1718-78)",
589,Eggenburg,Egenburg,"Niederösterreich, Erzhezogtum",
590,Steining,Staining,"Oberösterreich, Erzherzogtum",
591,Mailand,Mayland,"Mailand, Herzogtum",
592,Rothmühle,Rothmill,"Bayern, Herzogtum",
593,Vohburg,"Voburg, Foburg, Fochburg","Bayern, Herzogtum",
595,Maria Enzersdorf,Enzerstorff,"Niederösterreich, Erzherzogtum",
599,Schwanenstadt,Schwanerstatt,"Oberösterreich, Erzherzogtum",
600,Aibling,"Aybling, Vlbling","Bayern, Herzogtum",
707,Göttersdorf,Götterstorff,"Bayern, Herzogtum",
602,Oberalteich,Oberaltach,"Bayern, Herzogtum",
603,Taubenbrunn,"Daunprun, Daumprun, Daubmprun, Daumbprun","Oberösterreich, Erzherzogtum","<p>
	https://www.google.at/maps/place/4070+Taubenbrunn/@48.3017891,14.0322952,15z/data=!3m1!4b1!4m13!1m7!3m6!1s0x47738f2665a9e7c9:0x40097572de645b0!2s4070+Eferding!3b1!8m2!3d48.30879!4d14.02023!3m4!1s0x47738f1dbed91cad:0x7ba124425155a177!8m2!3d48.3017915!4d14.0410477?dcr=0</p>
"
604,Maria Anger,Maria Anger ,"Oberösterreich, Erzherzogtum",
605,Nagybánya,Naggpanien in Sibenbirgen,"Ungarn, Königreich","<p>
	&nbsp;</p>
<p>
	&nbsp;</p>
"
606,Sizilien,auß Sicilien,"Sizilien, Königreich",
608,Pfannstill,"Pfannestill, Pfanstill, Pfanstiell","Oberösterreich, Erzherzogtum",
609,Puchheim,"Buechhaimb, Buechheimb, Puchhaimb, Puechhaimb","Oberösterreich, Erzherzogtum",
610,Jengen,Jengen,"Augsburg, Hochstift",
612,Kronreuth,Kronreuth,,
613,Pöring,Pering,,
614,Ginzldorf,Günslstorff,"Bayern, Herzogtum",
616,Oberneukirchen,Ober Neukhürch,"Oberösterreich, Erzherzogtum",
617,Pondorf,"Pandorff, Pendorff, Pondorff",,
618,Hinterhausen,Hinterhausen,,
619,Schläglhütte,"Schlöglhitten, von der glashittn Schlögl","Oberösterreich, Erzherzogtum",
621,Haag,"aus Haag, am Haag, von Haag",,
622,Armstorf,Armstorff,"Bayern, Herzogtum",
623,Salaberg,zu Salaberg,"Niederösterreich, Erzherzogtum","<p>
	https://de.wikipedia.org/wiki/Schloss_Salaberg</p>
"
624,Michelhausen,Michlhaußen,"Niederösterreich, Erzherzogtum",
626,Lohstadt,"Lostatt, Lastatt","Bayern, Herzogtum",
628,Bayreuth,Payreith,"Brandeburg-Bayreuth, Markgrafschaft",
629,Raigern,Closter in Mährn Regern genant,"Mähren, Markgrafschaft",
630,Baumgartenberg,"[Prälat zu] Paumbgartten [1652], Paumgartenberg, Paumgarttenberg","Oberösterreich, Erzherzogtum",
632,Schwärzing,Schwörzing,,
633,Sandersdorf,"Sanderstorff, Sainderstorff","Bayern, Herzogtum","<p>
	http://de.wikipedia.org/wiki/Sandersdorf_(Altmannstein)</p>
"
634,Obermedlingen,Obermedling,"Pfalz-Neuburg, Herzogtum",
635,Niederlande,,,
636,Neuhofen,Neuhoffen,,
637,Hofstetten (im Mühlkreis),Hofstötten,"Oberösterreich, Erzherzogtum",
639,Fahlheim,Valhaim,Vorderösterreich (Vorlande),
641,Buxheim,Puxhaimb,"Buxheim, Reichskartause",
642,Frauendorf (Windorf),Fraundorff,"Bayern, Herzogtum",
643,Trostberg,Trostpurg in Bayrn ,"Bayern, Herzogtum",
644,Freiburg (im Breisgau),Freyburg,Vorderösterreich (Vorlande),
645,Gerastorf,Gerastorff,,
1206,Leonfelden,"Lanfeld, Langfelth, Lonfeldt","Oberösterreich, Erzherzogtum",
647,Adlhausen,Adlhaußen,"Bayern, Herzotum",
648,Gallinghausen,Gallinghaußen,,
649,von der Fischa,von der Fischä,,
650,Payrstadl,Payrstadl,,
651,Fuchsberg,am Fuxberg negst Wienn,"Niederösterreich, Erzherzogtum",
652,Beuren,Peurn,,
653,Priel (an der Donau),"außn Priell, Priell","Oberösterreich, Erzherzogtum",
755,Roßbach,"Rosenbach, Roßbach","Bayern, Herzogtum",
655,Neumarkt,Neumarckt,,
656,Siebenbürgen,,"Siebenbürgen, Fürstentum",
658,Schönanger,Schenanger,"Bayern, Herzogtum",
660,Ilzstadt,"Yllz, Ilz, Illz, Ylz, in der Elzstatt","Passau, Hochstift",
661,Heinersberg,Heinersperg,,
662,Straßham,"Strasshamb, Straßhamb","Oberösterreich, Erzherzogtum",
663,Simbach,Simbach,"Bayern, Herzogtum",
664,Nördlingen,Nerlingen,"Nördlingen, Reichsstadt",
665,Poysdorf,Poystorff zu Unteroesterreich,"Niederösterreich, Erzherzogtum",
667,Nersingen,Nersingen,Vorderösterreich (Vorlande),
668,Spanien,auß Spänien,"Spanien, Königreich",
669,Schlesien,Schlössig,"Schlesien, Herzogtum",
670,Gadendorf,Gadendorff,,
671,Brünn,Prün,"Mähren, Markgrafschaft",
673,Sämerneukirchen,Sämerneykürchen,,"<p>
	https://de.wikipedia.org/wiki/Sarmingstein</p>
"
675,Aham,Ahamb,,
676,Pfaffenhofen,Pfaffenhofen,Vorderösterreich (Vorlande),
677,Ansbach,Anßpach,"Brandenburg-Ansbach, Markgrafschaft",
678,Wolferszell,Wolffertzahl,Bayern,"<p>
	http://regiowiki.pnp.de/index.php/Wolferszell</p>
"
679,Mühllacken (Bad),Millacker Pad,"Oberösterreich, Erzherzogtum",
680,Lilienfeld,"Lillienfeld, [Jimingfeld (?)]","Niederösterreich, Erzherzogtum",
682,von der Keplmühl,"von der Keplmihl, von der Keplmühl


","Oberösterreich, Erzherzogtum",
683,Aughofen,Aughofen,,
684,Meßkirch,Mösskhürch,"Fürstenberg-Meßkirch, Fürstentum",
759,Brixen,Prixen,"Brixen, Hochstift",
685,Lechhausen,"Lechhaussen, Lechhausen, Lechausen","Bayern, Herzogtum",
686,Groß Enzersdorf,Enzerstorff,"Niederösterreich, Erzherzogtum",
687,Gremheim,Grimbheimb,"Pfalz-Neuburg, Herzogtum",
688,Metten,"Metten, Möden","Bayern, Herzogtum","<p>
	https://de.wikipedia.org/wiki/Kloster_Metten</p>
"
689,Engelhofen,Englhofen,,
690,Wildenranna,Wildenrännä,Oberösterreich,
691,Partenstein,Partenstain,"Oberösterreich, Erzherzogtum",
692,Farchant,"Farchant, Farchat","Freising, Hochstift",
693,Schwadorf,Schwandorff,"Niederösterreich, Erzherzogtum",
695,Wallsee,Walsee,"Niederösterreich, Erzherzogtum",
697,Winterberg,Winterberg,,
698,Hopfgarten,"Hopfgarten, Hofgarten","Salzburg, Erzstift",
699,Mariatal,Marienthall in Thyroll,"Tirol, Grafschaft",
700,Abbach,"Abach, Epfach","Bayern, Herzogtum",
701,Suben,"Suben, Sumb, Sumb in Bayrn","Bayern, Herzogtum",
702,Vöcklabruck,"Vöcklbruckh, Vöcklapruck","Oberösterreich, Erzherzogtum",
703,Portugal,"Bortugal, Porttugal, Portugall, [meist aber in der Variante ""portugiesische/er""]","Portugal, Königreich",
704,von der Jägermühl,"von der Jägermihl, von der Jägermichl","Oberösterreich, Erzherzogtum",
705,Papa,"Pappa, Päppä","Ungarn, Königreich",
706,Haibach,"Haybach, Haichpach","Oberösterreich, Erzherzogtum",
758,Rotholz,"Rodholz, Rothholz","Tirol, Grafschaft",
793,Michaelnbach,Michelnbach,"Oberösterreich, Erzherzogtum",
708,Wolfstein,Wolfstain,,
709,Holzkirchen,"Holzkürchen, Holzkhirchen",,
710,Genua,,"Genua, Republik",
711,Landing,Landing,,
712,Frankenburg,Frankehburg,"Oberösterreich, Erzherzogtum",
713,Nicklsbach,"Nükhlspach, Nicolspach, Nülbach, Nickhelspoach, Nikhlspach, Nüklspach, Nükhlspurg",,"<p>
	https://de.wikipedia.org/wiki/Igelsbach_%28Fluss%29</p>
<p>
	Albrecht Greule, Deutsches Gew&auml;ssernamenbuch. Etymologie der Gew&auml;ssernamen und der dazugeh&ouml;rigen Gebiets, Siedlungs- und Flurnamen (Berlin-Boston 2914) 237 (https://books.google.at/books?id=rqboBQAAQBAJ&amp;pg=PA237&amp;dq=Nicolspach&amp;hl=de&amp;sa=X&amp;ved=0ahUKEwjx7L_60NPJAhUFfRoKHer0A6MQ6AEIHTAA#v=onepage&amp;q=Nicolspach&amp;f=false).</p>
"
714,Tillysburg,Dillyspurg,"Oberösterreich, Erzherzogtum",
715,Weidenholz,"Weydenholz, Veydenholz","Oberösterreich, Erzherzogtum",
1117,Weigert,"Weigert, Weiger","Oberösterreich, Erzherzogtum",
719,Weißenburg,ins Reich nach Weissenburg,"Weißenburg, Reichsstadt",
720,Aigen (am Inn),Aigen in Bayrn,"Passau, Hochstift",
722,Lautrach,Lauterach,"Kempten, Fürststift",
724,Weißenhorn,Weißenhorn,Vorderösterreich (Vorlande),
1012,Ehingen,"Eheingen, Egen, Egoeen[?]",Vorderösterreich (Vorlande),
726,Seelowitz,Selowiz in Mähren,"Mähren, Markgrafschaft",
727,Frankreich,Frankhreich,"Frankreich, Königreich",
729,Neustift,Neustifft,Oberösterreich,
730,Fürstenstein,Fürstenstain,"Bayern, Herzogtum",
731,Ebensee,Ebensee,"Oberösterreich, Erzherzogtum",
732,Holzheim,Holzhaimb,,
733,Prag,"Prag, Brag","Böhmen, Königreich",
735,Reindorf,Reindorff,,
736,Wolfsegg,Wolfsegg,Bayern,
737,Etterzhausen,Edertshausen ,"Pfalz-Neuburg, Herzogtum","<p>
	&nbsp;<a href=""https://books.google.at/books?id=QBtFAAAAcAAJ&amp;hl=de&amp;pg=PP1#v=onepage&amp;q&amp;f=false"">J. M. Beitelrock, Geschichte des Herzogthums Neuburg oder der jungen Pfalz, I. Abtheilung (Programm zum Schlusse des Studienjahres 1858-59 (Aschaffenburg 1859)</a> 6.</p>
"
739,Schweiz,aus der Schweinz,"Schweiz, Eidgenossenschaft",
740,Schörfling,Schörffling,"Oberösterreich, Erzherzogtum",
741,Berndorf,Perndorf,"Salzburg, Erzstift",
742,Schellenberg,"Schelnberg, Schalnberg","Berchtesgaden, Fürstpropstei",
743,Luftenberg,"Juffenperg, Lauffenberg, Luffenberg, Lufftenberg, [Lufftendorff - Verschreibung?]   ","Oberösterreich, Erzherzogtum",
745,Rotthalmünster,"Rothallminster, Rothalminster","Bayern, Herzogtum",
1314,Wizen,"Winzen [?], Winzend [?], Wözen [?]",,
747,Waidhofen,Waydhofen,"Niederösterreich, Erzhezogtum",
749,Schwarzwald,Schwarzwalder [Bauern],,
750,Tournai,Dornick,Österreichische Niederlande,
751,Orth,Orth,,
753,Württemberg,Württenberg,Württemberg,
754,Schönerting,"Schending, Schenerding","Bayern, Herzogtum",
757,Waltersdorf (Bayern/Ungarn?),Wolterstorff,,
761,Leitzersdorf,"Laizersdorff, Leitersdorf","Niederösterreich, Erzherzogtum",
762,Innerberg,markht Inernberg in Eisenärzt,"Steiermark, Herzogtum",
763,Linz-Urfahr,"Linz im Urfahr, Urfahr Linz, Urfahr","Oberösterreich, Erzherzogtum",
764,Pranaberg,Pranaberg,,
766,Manning,Maning,"Oberösterreich, Erzherzogtum",
769,Eggenfelden,Eckhenfelden,"Bayern, Herzogtum",
770,Kremsmünster,Crembsminster,"Oberösterreich, Erzherzogtum",
771,Straßburg,"Strassburg, Straußburg","Straßburg, Reichsstadt (ab 1681 Realunion mit Frankreich)",
772,Klausenburg,Clausenburg,"Siebenbürgen, Fürstentum",
773,Fünfkirchen,Fünff Kürchen,"Ungarn, Königreich",
774,Annaberg (Alkoven),auf den Annäberg,"Oberösterreich, Erzherzogtum","<p>
	Georg GR&Uuml;LL, <a href=""https://www.zobodat.at/pdf/JOM_110_0267-0299.pdf"" target=""_blank"">Beitr&auml;ge zur Geschichte der Br&auml;nde in Ober&ouml;sterreich</a>.&nbsp; <em>Jahrbuch des Ober&ouml;sterreichischen Musealvereines</em> 110 (1965) 267-299, hier 295.</p>
"
775,Alkoven,"Algkofen, Algkoffen, Alckhoffen, Alghoven, Alghofen, Alkhofen","Oberösterreich, Erzherzogtum",
779,Auhof,Auhoff nechst Linz,"Oberösterreich, Erzherzogtum",
780,Micheldorf,"Michldorf, Müchldorff","Oberösterreich, Erzherzogtum",
828,Seeheim,Sehamb,"Hessen-Darmstadt, Landgrafschaft",
786,von der Wäslmayrau,von der Wäßlmayrau,"Oberösterreich, Erzherzogtum",
789,Roitham,Roitthamb,"Oberösterreich, Erzherzogtum",
791,Lichtenau,Liechtenau,"Oberösterreich, Erzherzogtum",
792,Galla,"Gällä, Galla, Golla, Gall","Ortenburg, Grafschaft",
794,Zöschingen,"Zöschingen, Zischingen","Deutscher Orden, Kommende Ulm",
795,Ebenmühle,[dem] Ebenmihlner,"Oberösterreich, Erzherzogtum",
796,Freiling,Freyling,"Oberösterreich, Erzherzogtum",
797,Frankfurt am Main,Franckhfurth,"Frankfurt, Reichsstadt",
798,Cambrai,Camerich,"Frankreich, Königreich",
799,Mattsee,Mattsee,"Salzburg, Erzstift",
801,Mariaposching,Mariaposching,"Bayern, Herzogtum",
803,Golling,Golling,"Salzburg, Erzstift",
813,Baumburg,(Closter) Paumburg,"Bayern, Herzogtum",
805,Steinbach (an der Steyr),Stainbach,"Oberösterreich, Erzherzogtum",
806,Deichselberg,"Deixlberg, Teixlberg","Passau, Hochstift",
807,Raffelding,"Räflding, Raffling","Oberösterreich, Erzherzogtum",
808,Schauereck,Schauregg,"Oberösterreich, Erzherzogtum",
809,Katzenhöll,Kazenhöll,,"<p>
	https://books.google.at/books?id=nbZBAAAAcAAJ&amp;pg=PA44&amp;dq=katzenh%C3%B6ll&amp;hl=de&amp;sa=X&amp;ei=NbvxVNb-BebnyQPM4oHgCQ&amp;ved=0CDMQ6AEwAA#v=onepage&amp;q=katzenh%C3%B6ll&amp;f=false</p>
"
815,Auerbach,"Auerbach, Aubach","Passau, Hochstift",
810,Dietenheim,Dietenheimb,Vorderösterreich (Vorlande),
811,Mannersdorf bei Wien,Männerstorf nehst Wienn,"Niederösterreich, Erzherzogtum",
814,Köln,Cöllen,"Köln, Reichsstadt",
874,Seestall,"Seestall, Steestal","Bayern, Herzogtum",
816,von der Kesselmühl,v. der Kösslmihl,"Oberösterreich, Erzherzogtum",
817,Dautbach,Dautbach,,
818,Nittenau,"Niethenau, Ithenau","Bayern, Herzogtum","<p>
	https://de.wikipedia.org/wiki/Nittenau</p>
"
819,Neureichenau,"Neureuchenau, Reichenau","Oberösterreich, Erzherzogtum",
821,Siffkofen,Sihiffkoffen oder Schiffkoffen?,"Bayern, Herzogtum",
824,Mannsdorf ,Manstorff,"Oberösterreich, Erzherzogtum",
825,Bensheim,Penßheimb,"Mainz, Erzstift",
826,Hub,Hueb,,
827,Triest,Triest,"Triest, Freie Stadt",
831,Hinzenbach,Hünzenbach,"Oberösterreich, Erzherzogtum",
833,Niedermotzing,Nidermozing,"Regensburg, Hochstift",
835,Welsche Confinen,Wollische Confinen,Tirol,
836,von der Leiten,von der Leiten,,
837,Willersbach,"Willspach, Willerspach",,
1246,Prüfening,Priefering,"Bayern, Herzogtum",
839,Serbien,Königreich Servien,"Serbien, Königreich (1718-1739)",
840,Arbeisweiler,Arbeißweiller,,
841,Kuchl,Kuchl,"Salzburg, Erzstift",
843,Sarmingstein,"Särmingstain, am Särblingstein","Oberösterreich, Erzherzogtum",
901,Schattenthal,Schadenthall,"Oberösterreich, Erzherzogtum",
844,Schlüßlberg,Schlisslberg,"Oberösterreich, Erzherzogtum",
845,Rohr (in Niederbayern),Rohr in Bayrn,"Bayern, Herzogtum",
846,Wischenhofen,Wischenhoff,"Pfalz-Neuburg, Herzogtum",
847,Zußdorf,Zuestorff,,
848,St. Ulrich,S. Ulrich,"Oberösterreich, Erzherzogtum",
850,Rott,Roth,"Bayern, Herzogtum",
851,Trappenau,Trappenau,,
853,Theben,"Debm, Dehm, Demb","Ungarn, Königreich",
856,Ödenburg,Edenburg,"Ungarn, Königreich",
858,Mühlviertel,Michl Viertl,"Oberösterreich, Erzherzogtum",
859,Helfenberg,Helfenberg,"Oberösterreich, Erzherzogtum",
860,Natternbach,"Nadernbach, Nodernbach","Oberösterreich, Erzherzogtum",
861,Kröning,"Kröning, Greming, Gerning, Gröning","Bayern, Herzogtum","<p>
	https://de.wikipedia.org/wiki/Kr&ouml;ning</p>
"
862,Gars (am Inn),Gasch,"Bayern, Herzogtum",
863,Kritzendorf,"Crizendorff in Underöesterreich, Crizendorff in Unter Oesterreich","Niederösterreich, Erzherzogtum",
864,Bösing,Pösing,"Ungarn, Königreich",
866,Niederwallsee,Nidernwalsee,"Niederösterreich, Erzherzogtum",
867,Niederreith,Niederreith,,
868,Gries,Grieß,,
869,Sierning,Syrling nechst Linz,"Oberösterreich, Erzherzogtum",
870,Öpfingen,"Epfingen, Öpfingen, Epfing",Ritterschaftliche Ortsherrschaft (Schwaben),
871,Siglmahd,Siglmath,"Oberösterreich, Erzherzogtum",
872,Reichling,Reichling,"Bayern, Herzogtum",
875,Kopfing,Kopfing,"Bayern, Herzogtum",
876,Apfeldorf,Apfldorff,"Bayern, Herzogtum","<p>
	https://de.wikipedia.org/wiki/Apfeldorf</p>
<p>
	&nbsp;</p>
"
878,Gotteszell,Gotteszell in Bayrn,"Bayern, Herzogtum",
879,Loosdorf,Lostorf,"Niederösterreich, Erzherzogtum",
880,Kleemühle,"Kleemichl, von der Kleemichl","Oberösterreich, Erzherzogtum",
881,Unterschacher,"Unterschacha, Schähä, Schacher","Bayern, Herzogtum",
884,St. Valentin,Walentin,"Niederösterreich, Erzherzogtum",
885,Trient,Tryendt in Tyroll,"Trient, Hochstift",
886,Schwechat,Schwöchet,"Niederösterreich, Erzherzogtum",
887,Amstetten,Ambtstötten,"Niederösterreich, Erzherzogtum",
888,Freudenstein,Freudenstain,"Oberösterreich, Erzherzogtum",
963,Scheibbs,Scheibs,"Niederösterreich, Erzherzogtum",
890,Dürnstein,"Tyrnstain, Thürnstain","Niederösterreich, Erzherzogtum",
891,Ettenheimmünster,Ettenheimminster,"Straßburg, Erzstift",
894,Langenstein,Langenstain,"Oberösterreich, Erzherzogtum",
895,Andtög,Andtög,,
896,Lehen,"Lecha, Lechä, Lecher, Leha, Lehä","Oberösterreich, Erzherzogtum",
897,Mittich,"Midi, Midich","Bayern, Herzogtum",
898,Pixendorf,Pixendorff in Unteroesterreich,"Niederösterreich, Erzherzogtum",
899,Aschach (in Bayern),"Aschach in Bayrn, Ascha, Aschach aus Payrn, Aschach","Bayern, Herzogtum",
902,Krumau (an der Moldau),Crumau,"Böhmen, Königreich",
903,Graz,"Gräz, Grääz","Steiermark, Herzogtum",
906,Ludwigsburg,Ludtwigsburg,"Württemberg, Herzogtum",
907,Gumpoldskirchen,Gomplskürchen,"Niederösterreich, ERzherzogtum",
908,Wetzlar,Wezlar,,
909,St. Peter (am Wimberg),St: Peter,"Oberösterreich, Erzherzogtum",
910,Engelfeld,Englfeldt,,
911,Schemnitz,Schömniz,"Ungarn, Königreich",
912,Steinheim,Stainhaim,,
913,Rüeda,Rüeda,,
914,Asbach,Aßpach in Bayrn,"Bayern, Herzogtum",
918,Oettingen,Ottingen,"Oettingen, Grafschaft",
919,Komorn,Comorn,"Ungarn, Königreich",
920,Stockau,Stokhau,,
921,Gottsdorf,Gottstorf,"Passau, Hochstift",
924,Wing,Wing,,
926,Wallern,Wallern auß Böhaimb,"Böhmen, Königreich",
927,Agram,Zagrabia,"Ungarn, Königreich",
928,Laim,Loimb,,
929,Weidet,Weydet,"Oberösterreich, Erzherzogtum",
930,Purgstall,Purgstall,,
931,Schöntal,Schonthall,,
932,Weitenau,Weittenau,,
933,Wranau,Wranau,Mähren,
934,Waidhofen an der Ybbs,"Waidhofen, Waidhoffen, Payrisch Waidthofen
","Niederösterreich, Erzherzogtum",
935,Windhaag,Windhaag,Oberösterreich,
936,St. Antoni,St: Antoni in Hungarn,"Ungarn, Königreich",
938,Gerlau,Gerlaw,"Oberösterreich, Erzherzogtum",
939,Rametsed,"Rametsee, Rametseth","Oberösterreich, Erzherzogtum",
940,Imst,"Ymbst, Imbs","Tirol, Grafschaft",
941,Londorf,Londorff,,
942,Raffelstetten,Raffelstetten,"Oberösterreich, Erzherzogtum",
944,Point,auf der Peunt,"Oberösterreich, Erzherzogtum",
946,Oettenhaag,Oettenhaag,,
947,Kiesdorf,"Khiestorff (1652)!
Nicht veröffentlichen!",,
949,Donauhäusel,"Donauheisl, Thonauheißl","Oberösterreich, Erzherzogtum",
950,Falkenfels,Falkhenfels in Bayrn,"Bayern, Herzogtum",
952,Engelmannsbrunn,Englmansbrun,,
953,Ardagger,"Artagger, Artackher, Artakher","Niederösterreich, Erzherzogtum",
955,Hafnerziechen,Hafner Ziechen,,
956,Erledt,Erlet,,
957,Wiesenparz,am Wißenparz,"Oberösterreich, Erzherzogtum",
959,Hamburg,Hamburg,"Hamburg, Reichsstadt",
960,Langenlebarn,Langenlebern,"Niederösterreich, Erzherzogtum",
961,Hungerszell,"Hunerzehl, Hungarzehl","Bayern, Herzogtum",
964,Neusiedl am See,Neusidl am See,"Ungarn, Königreich",
965,Schwäbisch Gmünd,"im Gmindt, Schwäbisch Gmindt, Schwäbischen Gmündt","Schwäbisch Gmünd, Reichsstadt",
966,Werfen,Werfen,Salzburg,
967,St. Lorenz,S: Lorenzn,"Niederösterreich, Erzherzogtum",
968,Adrianopel,Adrianopel,Osmanisches Reich,
969,Baumgarten,Paumgartten,,
970,Waidring,Waittering,"Tirol, Grafschaft",
971,Kreuzberg,Creuzberg,,
973,St. Aegidi,Egidi,"Oberösterreich, Erzherzogtum",
975,Elisabethszell,Eschbernzehl,"Bayern, Herzogtum",
976,Haiming,"Haimbing, Hainbing","Bayern, Herzogtum",
977,Obergrub,"Oberngrueb, Obern Grueb","Bayern, Herzogtum",
978,Kelheimwinzer,Kelchwinza,"Niedermünster, Reichsstift",
979,Röck,Rökh,,
980,Friedberg,Früdtberg,"Bayern, Herzogtum",
981,Moriz,Moriz,,
982,Zandt,"Zandt, im Sand, Sandt",Bayern,"<p>
	https://de.wikipedia.org/wiki/Zandt</p>
"
983,Rossatz,"Rosüz, Rosiz, Rossiz","Niederösterreich, Erzherzogtum",
984,Luttensperg,"Luethsperg, Luthensperg, Luttensperg",,
985,Aussee,Aussee,"Steiermark, Herzogtum",
986,Eggersberg,Eggersperg,"Bayern, Herzogtum",
988,Schönreith,Schenreith,,
1158,Ottensheim und Linz,,"Oberösterreich, Erzherzogtum",
989,Jederschwing,Jederschwing,"Bayern, Herzogtum",
990,Wimsbach,Wibmsbach,Oberösterreich,
991,Hexenagger,"Höxenökher, Hexenakher","Bayern, Herzogtum",
992,Ratzenleithen,Razenleithen,"Passau, Hochstift",
993,Wetzendorf,"Wezendorff, Wözendorf",,
1377,Schwäbischer Reichskreis,[Generalproviantdirektoren des löbl.] Schwöbischen Creyses,,
995,Klaffmühle,"Klaffmihl, Klapfmichl, Klaffmichl","Salzburg, Erzstift",
996,Heiligenkreuz,Heyl. Creuz,"Niederösterreich, Erzherzogtum",
997,Freyenstein,"Freyenstain, Freystain","Niederösterreich, Erzherzogtum",
998,Morsee,Morsee,,
999,Wiesing,Wising,,
1067,Wartberg (Oberösterreich?),Wartberg,,
1001,Prattenhof,Prattenhof,,
1003,Walchen,Wolchen,,
1004,Hackendorf,"Höggendorf, Högendorff","Oberösterreich, Erzherzogtum",
1005,Hütting,Hütting,"Oberösterreich, Erzherzogtum",
1006,Ledensberg,Ledensperg,,
1127,Langegg,Langegg,"Niederösterreich, Erzherzogtum",
1007,Egglholz,Egglholz,"Oberösterreich, Erzherzogtum",
1008,Kempten (Fürststift),Stüfft Kembten,"Kempten, Fürststift",
1009,Hilperting,Hiltperting,"Bayern, Herzogtum",
1358,Lucca,,"Lucca, Republik",
1011,Puchenau,Buhenau,"Oberösterreich, Erzherzogtum",
1013,von der Lahn,"von der Lahn, von der Lan, von der Lohn",,
1014,Kirchheim,"Kürchen, Kürchheimb",,
1015,Moos,Moß,"Bayern, Herzogtum",
1016,Diemantstein,"Diemanstain, Ditmanstain","Diemantstein, Herrschaft (Diemantstein, Elster)",
1017,Aicher,Aicher,,
1018,Gammertingen,"Gamberting, Gamertingen, Gämerting, Kamerting","Gammertingen, Herrschaft (Speth)",
1019,Hagen (bei Linz),Landguett Haagen,"Oberösterreich, Erzherzogtum",
1021,Scharnstein,Schärnstain,"Oberösterreich, Erzherzogtum",
1022,Schaunberg,"zu Schaunberg, Schaunburg","Oberösterreich, Erzherzogtum",
1023,Rammetshofen,"Rommetshoffen, Rometshoven, Ränezhofen, Rametzhofen, Rametshoffen",,
1024,Hollabrunn,Holbrün,"Niederösterreich, Erzherzogtum",
1025,Klessing,"Clässing, Klesen","Bayern, Herzogtum",
1026,Dellmensingen,Delmesingen,"Dellmensingen, Herrschaft (Werdenstein)",
1027,Hannover,Hanover,"Braunschweig-Lüneburg, Herzogtum",
1030,Deinham,Thainham,"Oberösterreich, Erzherzogtum",
1031,Offenberg,"Offenberg, Offlberg","Bayern, Herzogtum",
1032,Mitterfels,Mitterfels,"Bayern, Herzogtum",
1033,Pöttmes,Petmers,"Bayern, Herzogtum",
1034,Nediss,Nediss,,
1035,Engelhartstetten,Englhartstötten,"Niederösterreich, Erzherzogtum",
1036,Mauerbach,Mausbach,"Niederösterreich, Erzherzogtum",
1037,Speyer,Speyr,"Speyer, Reichsstadt",
1038,Willdorf,"Willdorff, Willmdorf",,
1039,Kramau,"Cramau, Cromau, Kramau, von der Kramau",,
1040,Aufhausen,Aufhausen,"Regensburg, Hochstift",
1041,Dettenhofen,Detenhoffen,,
1042,Hirschling,Hierschling,,
1043,St. Wolfgang,St: Wolfgang,"Oberösterreich, Erzherzogtum",
1046,Legau,Legau,"Kempten, Fürststift",
1047,Schwaben,Schwaben Landt,,
1049,Oberbamberg,"Oben Baumberg, Pamberg, Obern Bamberg","Bayern, Herzogtum",
1051,Steinhausen,Stainhaussen,"Bayern, Herzogtum",
1053,Bozen,Pozen,"Tirol, Grafschaft",
1054,Holz,,,
1055,Pallmannsdorf,"Pallmanstorff, Volmanstorff, Vlmanstorff",,
1057,Neutersdorf,Neutherstorff,,
1059,Weizen,Weizn,,
1060,Cham,Camb,"Bayern, Herzogtum",
1061,Schönleiten,Schenleithen,"Oberösterreich, Erzherzogtum",
1062,Allgäu,Algey,,
1063,Guntramsdorf,Gundrambstorff negst Wienn,"Niederösterreich, Erzherzogtum",
1064,Martinsperg,Martinsperg,,
1065,Strassmann,Strassmann,,
1068,Huberg,in Hueberg,,
1069,Pfaffing,Pfäffing,,
1070,Sonneberg,"Sonneberg, Sommerberg","Sachsen-Coburg, Herzogtum","<p>
	N.N., Gewerbe, Industrie und Handel des Meininger Oberlandes in ihrer historischen Entwicklung 1 (Hildburghausen 1876), birgt reiches Material zu den Produzenten- bzw. H&auml;ndlerfamilien Weber und Dressel (Dre&szlig;el) aus Sonneberg!)&nbsp; https://books.google.at/books?id=1GIP05ypWIoC&amp;pg=PA3&amp;dq=Gewerbe,+Industrie+und+Handel+des+Meininger+Oberlandes&amp;hl=de&amp;sa=X&amp;ved=0ahUKEwj57rv80rbjAhX9ysQBHcEqC7cQ6AEIKzAA#v=onepage&amp;q=Gewerbe%2C%20Industrie%20und%20Handel%20des%20Meininger%20Oberlandes&amp;f=false (Buch downgeloaded!)</p>
"
1071,Hötzerreut,Hiezereidl,"Passau, Hochstift",
1072,Judenburg,Judenburg,"Steiermark, Herzogtum",
1073,Mooshausen,Moshausen,"Marstetten, Herrschaft (Waldburg-Zeil-Wurzbach)",
1075,St. Agatha,St. Agatha,"Oberösterreich, Erzherzogtum",
1078,Strassing,Strassing,,
1079,Hienau,Hienau,,
1080,Uttendorf,Utdendorff,,
1088,Weyr,Weyr,,
1081,Eschenlohe,Eschelle,"Bayern, Herzogtum",
1082,Dachsberg,"Taxberg, Taxperg","Oberösterreich, Erzherzogtum",
1083,Niedernbirchet,Nidernbirchet,,
1084,Halbturn,Halbthurn,"Ungarn, Königreich",
1085,Schenal,Schenal,,
1086,Eckersdorf,Eckherstorff,"Oberösterreich, Erzherzogtum",
1318,Bayern,Bayrn,"Bayern, Herzogtum",
1089,Zwettl (an der Rodl),"auß der Zwetl, von der Zwetl","Oberösterreich, Erzherzogtum",
1143,Lüttich,Luttig,"Lüttich, Hochstift",
1091,Oberranna,v. der obern Rännä,"Oberösterreich, Erzherzogtum",
1092,Iggensbach,"Igenspach, Ökhlspach, Ögglspach","Bayern, Herzogtum",
1094,Hechenberg,Hechenberg,,
1095,Offenhausen,Offenhausen,"Ulm, Reichsstadt",
1096,Pettendorf (Naab),Pettendorff,"Pfalz-Neuburg, Herzogtum",
1097,Leipzig,Nur indirekt über Personen erschlossen.,"Sachsen, Kurfürstentum",
1098,Sarau,Särau,"Böhmen, Königreich",
1101,Rom,Rom,"Patrimonium Petri, Kirchenstaat",
1102,Hart,Hart,,
1103,Eisgraben,Eisgramb,"Oberösterreich, Erzherzogtum",
1104,Göllersdorf,Göllersdorff,"Niederösterreich, Erzherzogtum",
1106,Wolfershausen,Wolfershaußen,,
1107,Nesselwang,Nöstlwang,"Augsburg, Hochstift",
1108,Neu-Ortenburg,Neuen Orttenburg,"Ortenburg, Grafschaft",
1110,Florenz,Florenz,"Toskana, Großherzogtum",
1112,Struden,"Struden, im Strumb","Oberösterreich, Erzherzogtum",
1240,Asbach (Rotthalmünster),"Aspach, Aßpach in Bayrn","Bayern, Herzogtum",
1114,Bollersberg,"Polsperg, Palsperg, Pollsperg","Passau, Hochstift",
1116,Steinamanger,Stein am anger,"Ungarn, Königreich",
1118,Heilbrunn,Hailbrun,,
1120,Wied(-Neuwied),Herrschaft Wiedt,"Wied-Neuwied, Grafschaft",
1121,Nährn,Nährn,,
1122,Leiden,Leythen,"Vereinigte Niederlande, Republik",
1123,Sommerein,Sommerein in Ungahrn,"Ungarn, Königreich",
1124,Böhmen,Böhmen,"Böhmen, Königreich",
1125,Öhlet,"von der Öhlo, Öhlet, Öhla",,
1126,Miesau,"Miessau aus Böhaimb, Missau","Böhmen, Königreich",
1128,Hoffeking,Hoffekhing,,
1129,Amsterdam,Ambsterdam,"Vereinigte Niederlande, Republik",
1131,Neutra,Neutrau,"Ungarn, Königreich",
1132,von der Pfalz,von der Pfalz,"Pfalz-Neuburg, Herzogtum",
1133,Obernsee,Obernsee,"Oberösterreich, Erzherzogtum",
1134,Oberplan,Plan,"Böhmen, Königreich",
1135,Webelauth,"Webelauth [?], Weberlauth [?]",,
1136,Niederlande (Österreichisch/Spanisch),,,
1137,Heiliges Römisches Reich,Röm. Reich,Heiliges Römisches Reich,
1235,Maria Scharten,"Maria Scharden, Maria Scharthen, von der Schardtn","Oberösterreich, Erzherzogtum",
1139,Vorholz,"Vorholz, Vorn Holz","Bayern, Herzogtum",
1140,Belgrader Banat,Belgrader Bannat,Belgrader Banat,
1141,Emling,"Embling, Emling","Oberösterreich, Erzherzogtum",
1142,Greifenstein,"Greiffenstain, Greüffenstain","Niederösterreich, Erzherzogtum",
1144,Obernort,Obernorth,"Oberösterreich, Erzherzogtum",
1145,Kothwies,Kotwiss,"Bayern, Herzogtum",
1146,Pollenried,Polnrieth,"Pfalz-Neuburg, Herzogtum",
1147,Hoch,Hoch,,
1148,Artstetten,Ärttstötten in Unter Oesterreich,"Niederösterreich, Erzherzogtum",
1149,Oberau,Oberau,,
1150,Garham,"Garhamb, Warhamb",,
1151,Götzing,Geüzing,,
1152,Altau,in der Alte,"Oberösterreich, Erzherzogtum",
1153,Weil,Weil,"Bayern, Herzogtum",
1154,Zwiesel,Zwissl,Bayern,
1155,Karlsruhe,Carlsruech,"Baden-Durlach, Markgrafschaft",
1156,Waltersdorf (Ungarn?),Walterstorff in Hungarn,"Ungarn, Königreich",
1157,Duggendorf,"Duckendorff, Duckhendorf, Dukhendorff, Duggendorff, Gugendorf, Guckendorf, Duttendorff","Pfalz-Neuburg, Herzogtum",
1159,Greuth,Greuth,,
1160,Dänemark,Dännemarkh,"Dänemark, Königreich",
1161,Kling,Cling,"Oberösterreich, Erzherzogtum",
1162,Bremen,Bremen,"Bremen, Herzogtum oder Reichsstadt",
1164,Zinzendorf,Zinzendorf,Bayern,
1165,Pfaffenhausen,Pfäffenhaussen,"Augsburg, Hochstift",
1166,Peterwardein,Peter:wardein,Militärgrenze,
1167,Konstantinopel,Constantinopl,Osmanisches Reich,
1169,Ketting,Ketting,,
1170,Orient,Orient,,
1171,Erlach,Erlach,,
1172,Kinsen,"Kiembse, Kiembsee, Kinsemb [Kinsamb?], Kinsen, Künsen",,
1173,Wingsteur,Wingsteur,,
1174,Weissental,Weißenthall,,
1177,Mannheim,"Manheimb, Mannheim","Kurpfalz, Pfalzgrafschaft",
1179,von der Höllmühle,von der Hellmihl,"Bayern, Herzogtum",
1180,Loibersdorf,Loibenstorff oder Loiberstorff (Lesung unsicher),,
1182,Teisendorf,"Deißendorf, Deisendorf","Salzburg, Erzstift",
1183,Schaffhausen,Schaffhausen,"Schweiz, Eidgenossenschaft",
1216,Langenlois,Langenloyß,"Niederösterreich, Erzherzogtum",
1185,Limbach,Limbach,"Bayern, Herzogtum",
1186,Rohrau,Rohrau,"Niederösterreich, Erzherzogtum",
1187,Grattersdorf,Graderstorff,"Bayern, Herzogtum",
1188,Türkei,Türkey,Osmanisches Reich,
1189,Oberhaid,"Obernhaydt, Oberhaidt, v. der Hayd, [Oberheidh? / Hebensetter]",,
1191,Kolleck,"Kholegg, im Colleckht","Oberösterreich, Erzherzogtum",
1192,Heggbach,Hegbach in Schwabenn,"Heggbach, Reichsabtei",
1193,Schambach,Schambach in Payrn bey Straubing,"Bayern, Herzogtum",
1194,Lutzingen,Luzingen,"Pfalz-Neuburg, Herzogtum",
1195,Tattenbach,Tättenbach,"Bayern, Herzogtum",
1197,Pförring,Pfürring,"Bayern, Herzogtum",
1200,Philippsburg,Phillipsburg,"Speyer, Hochstift",
1201,Tracking,Dräkhing,"Bayern, Herzogtum",
1203,Oberkirchberg,Oberkürchberg,Vorderösterreich (Vorlande),
1204,Linsburg,Linßburg [Binßburg?],,
1205,Au in Bayern,zu Au in Bayrn,"Bayern, Herzogtum",
1207,Baden,Baaden,,
1208,Reeßleithen,Reeßleithen,,
1210,Taußersdorf,Tausenstorff,"Bayern, Herzogtum",
1212,Prambachkirchen,Pranpakürhen,"Oberösterreich, Erzherzogtum",
1214,Lanstatt,Laichstatt,"Oberösterreich, Erzherzogtum",
1215,"Passau, Rosenheim, Angath",,,
1217,Lyon,,"Frankreich, Königreich",
1219,Fischbach,Ffischpach,,
1220,Epfach,"Epfach, Ephach","Bayern, Herzogtum",
1221,Aggsbach(-Dorf),Agspach,"Niederösterreich, Erzherzogtum",
1222,Aigen,,,
1223,Pradenstein,Pradenstain,,
1256,Achleiten (bei Limbach),Achleithen,"Niederösterreich, Erzherzogtum","<p>
	https://de.wikipedia.org/wiki/Schloss_Achleiten_bei_Limbach</p>
"
1257,Znaim,,Mähren,
1224,Hacklberg,Häkhlberg,"Passau, Hochstift",
1225,Memmingen,Memingen,"Memmingen, Reichsstadt","<p>
	https://de.wikipedia.org/wiki/Memmingen</p>
"
1226,Grubweg,Gruebökh,"Passau, Hochstift",
1227,Griesbach (im Rottal),[St. Salvator in Bayrn],"Bayern, Herzogtum",
1228,Griesbach,Grießbach,,
1230,Rithenau,"Rithenau oder Rithemau, Lesung unsicher!",,
1231,Attenhofen,Attenhoff,,
1232,Miedelsbach,Müedlspach,"Württemberg, Herzogtum",
1233,Steffanegg,[P. Prior zu] Steffanegg in Unter Öesterreich,"Niederösterreich, Erzherzogtum",
1234,Bergham (Alkoven),"Berghaim, Berghamb, Perghamb, Perkhamb","Oberösterreich, Erzherzogtum",
1236,Großschützen,Großschüzen in Hungarn,"Ungarn, Königreich","<p>
	https://de.wikipedia.org/wiki/Ve%C4%BEk%C3%A9_Lev%C3%A1re</p>
"
1237,Basel,,"Schweiz, Eidgenossenschaft",
1238,Genf,Ort für Personen aus der Literatur ergänzt; keine Nennung in der Quelle,"Schweiz, Eidgenossenschaft",
1239,Thaur,"Daur, Thaur","Tirol, Grafschaft",
1241,Audorf,Audorff,,
1242,Gerschlsbach,Gerschlspach,,
1243,Altenwörth,Altenwörth,"Niederösterreich, Erzherzogtum",
1244,St. Marx,St. Marx,"Niederösterreich, Erzherzogtum ",
1248,Berg,Berg,,
1251,Donaudorf,Donaudorf,"Niederösterreich, Erzherzogtum",
1252,Marbach (an der Donau),"Marbach, Marwach","Niederösterreich, Erzherzogtum",
1253,Arnstorf,,"Bayern, Herzogtum","<p>
	https://de.wikipedia.org/wiki/Arnstorf</p>
"
1254,Sächächausen,Sächächaußen,,
1255,Kößlau,"von der Kässl, Kößl, von der Kössl","Oberösterreich, Erzherzogtum",
1258,Neubach,Neubach,,
1260,Penk,Benkh,"Pfalz-Neuburg, Herzogtum",
1261,Ulmerfeld,Vlmerfelden,"Niederösterreich, Erzherzogtum","<p>
	https://de.wikipedia.org/wiki/Ulmerfeld</p>
"
1262,Rems,Rembs,"Niederösterreich, Erzherzogtum",
1263,Eisenstadt,Eisenstatt in Hungarn,"Ungarn, Königreich",
1264,Rohrbach (Kallmünz),Rohrbach,"Pfalz-Neuburg, Herzogtum",
1265,Kellmünz,Kelminz,"Kellmünz, Herrschaft (Rechberg)",
1266,Deggendorf/Duggendorf,"Duckhendorff, Dukhendorff, Duttendorf, Gugendorf, Deckendorf, Döggendorf",,
1267,Pass,,,
1268,St. Peter (am Hart),S. Peter,"Bayern, Herzogtum",
1269,Vorheim,Vorhheimb,,
1270,Reischach,Reischach,"Bayern, Herzogtum",
1271,St. Peter,"S: Peter, St: Peter",,
1272,Kaltenberg,Kaltenberg in Unter Oesterreich,"Niederösterreich, Erzherzogtum",
1273,Warasdin,Warasdin,Militärgrenze,
1274,Hofkirchen (an der Donau),Hofkürchen,"Bayern, Herzogtum",
1275,Hofkirchen,Hofkürchen,,
1276,Emmersdorf,Emerstorff,,
1277,Kralitz,Kraliz,"Mähren, Markgrafschaft",
1278,Wagrain,Wagrein in Öesterreich,"Oberösterreich, Erzherzogtum",
1279,Parma,auß Parma [nach Wien],"Parma, Herzogtum",
1280,Altmühlmünster,Altmühlmünster,"Bayern, Herzogtum","<p>
	https://de.wikipedia.org/wiki/Altm%C3%BChlm%C3%BCnster</p>
"
1281,Hinksbach,Hinckspach,,
1282,Birnbach,Piernbach,"Bayern, Herzogtum","<p>
	https://de.wikipedia.org/wiki/Bad_Birnbach</p>
"
1283,Dietfunck,Dietfunck [?],,
1284,Jettingen,Jetingen,"Jettingen, Herrschaft (Stain zu Ronsberg)",
1285,Pühret,"Pühret, Pirchet","Oberösterreich, Erzherzogtum",
1287,Pfaffenberg,Pfäffenberg,,
1288,Pottenstein,Pothenstain,"Niederösterreich, Erzherzogtum","<p>
	Historisch-topographische Darstellung der Pfarren, Stifte, Kl&ouml;ster, milden Stiftungen und Denkm&auml;hler im Erzherzogthume Oesterreich der Viertel ober und unter dem Wiener-Walde, oder der ersten Hauptabtheilung F&uuml;nfter Band: Pottenstein und dessen Umgegend (Wien 1826) 133; https://de.wikipedia.org/wiki/Pottenstein_(Nieder%C3%B6sterreich)</p>
"
1367,Mühldorf,"Mildorf, Mildorff, Milldorff, Müldorff",,
1291,Riedau,Riedau,"Oberösterreich, Erzherzogtum",
1292,Allmannshofen,Almanshofen,"Augsburg, Hochstift","<p>
	https://de.wikipedia.org/wiki/Allmannshofen</p>
"
1293,Wattstein,Wattstain,,
1294,Oberammergau,Öberammergau,"Bayern, Herzogtum",
1295,Yrmessüng,Yrmessüng,,
1296,Lohrsdorf,Lohrstorff,,
1297,Höllmannsried,Helmans Ried,"Bayern, Herzogtum",
1298,Dobersberg,[Pfarrer zu] Dobensperg,"Niederösterreich, Erzherzogtum",
1299,Prüll,Prüell,"Bayern, Herzogtum",
1300,Grub,Grueb,,
1302,Englfing,Engefing,"Bayern, Herzogtum",
1319,Feldkirchen,Feldkürchen,,
1303,von der Naab,v. der Nab,"Pfalz-Neuburg, Herzogtum",
1304,Seefeld (in Tirol),Seefeld,"Tirol, Grafschaft",
1305,von der Haidt,von der Haidt,,
1306,Stocket,"Stockhet, Stokhet",,
1307,Beham,"auß Behamb, Böhamb",,
1308,Ering,Ehring,"Bayern, Herzogtum",
1309,Staufen,"Stauff, Stauffen","Rothenfels-Staufen, Reichsgrafschaft",
1310,Haimbuch,Haimbuech,"Bayern, Herzogtum",
1311,Roding,Roding,"Bayern, Herzogtum",
1312,Einöd,"Ained, Ainet, Aineth, Ainött",,
1313,Falkenstein (Flintsbach),"Falckhenstain, Falkhenstain","Bayern, Herzogtum",
1315,Neuhaus (am Inn),Neuhauß,"Bayern, Herzogtum",
1317,Saladorf,Saladorff,"Bayern, Herzogtum",
1320,Eisenreichdornach,Eisenreich in Underoesterreich,"Niederösterreich, Erzherzogtum",
1321,Plankenmühle,"von der Planckenmill, von der Planckenmichl","Oberösterreich, Erzherzogtum",
1322,Kalocsa,Colaza [deß bistumb Gross: Wardein in Hungarn],"Ungarn, Königreich",
1323,Haag (Niederösterreich),von Haag,"Niederösterreich, Erzherzogtum",
1324,Loidesthal,Loydesthall,"Niederösterreich, Erzherzogtum",
1325,Hagenau,Hagenau,"Oberösterreich, Erzherzogtum",
1326,von der Schitt,von der Schitt,"Oberösterreich, Erzherzogtum",
1327,Roystetten,Roystetten,,
1328,Pethenöggen,Pethenöggen,,
1329,von der Scheieröd,von der Scheieroedt/von der Scheiernedt?,,
1330,Praidtenhöll,Praidtenhöll,,
1331,Chiavenna,"[ins Tyroll] nacher Chiavenna
[über Tirol nach Chiavenna]","Schweiz, Eidgenossenschaft",
1333,Winkelholz,Winckhlholz,,
1334,Ruemberseth,Ruemberseth,,
1335,Hohenburg,Hochenburg,,
1336,Hagenhof,"Hagen hoff, evtl. auch Hagenhoffen",,
1338,Wilbä,Wilbä,,
1340,Raffenhausen,Raffenhausen,,
1341,von der Göglmühl,von der Göglmihl,,
1342,von der Wies,von der Wis,"Oberösterreich, Erzherzogtum",
1343,Hofmarkt,Hofmarkht,,
1344,Hollenburg,Hollenburg,"Niederösterreich, Erzherzogtum",
1346,Niederreschen,Niderreschen,,
1348,Hofstätt,Hoffstött,,
1349,Winwehr,Winwehr,,
1350,Stritzling,Steuzling,"Bayern, Herzogtum",
1351,Obersaal,Obm Sall,"Niedermünster, Reichsstift",
1352,Telfs,Telffs,"Tirol, Grafschaft",
1354,Pradtum,Pradtumb,,
1355,Mühldorf (Oberösterreich),"Mildorff, Milldorff, Mühldorff, Mülldorff","Oberösterreich, Erzherzogtum",
1356,Neuhausen,Neuhaußen,,
1357,Erladorf,Erladof,,
1359,Lhbeuß,Lhbeuß,,
1360,Libeck,Libeckh,,
1361,Gaspoltshofen,[Pfarrer zu] Gasparzhofen,"Oberösterreich, Erzherzogtum",
1362,Kellburg,Kellburg,,
1363,Kirchberg,,,
1364,Blumau (Schlierbach),"nicht in der Quelle genannt, kann aber aus der Literatur eindeutig Johann Blumauer zugeordnet werden","Oberösterreich, Erzherzogtum",
1365,Kirchdorf,Kürchdorff,,
1366,Maria-Zell,Maria:Zehl,,
1368,Nußdorf (bei Wien),Nußdorff,"Niederösterreich, Erzherzogtum",
1369,Nußdorf,,,
1371,Ofen,Offen,,
1372,Pfarrkirchen (in Bayern),Pfarkürchen,"Bayern, Herzogtum",
1373,Priel,Prill,,
1375,Schönau (Heining/Passau?),Schenau,,
1376,Schönau (Fürstenzell?),Schenau,,
1378,St. Andrä (an der Traisen),"[Canonicat Stifft] St: Andrea in Unter Östereich, [Closter] S. Andre in Unter Östereich","Niederösterreich, Erzherzogtum",
1379,aus dem Marth,außn Marth.,,
1380,Steinbach (Niederwaldkirchen),Stainbach,"Oberösterreich, Erzherzogtum",
1381,auf der Wimm (Oberösterreich),"auf der Wibm, von der Wibm, auf der Wübm, auf der Wümb","Oberösterreich, Erzherzogtum",
1382,Wald (Bayern/Oberösterreich?),"am Waldt, Wald, Walth",,
1383,Vornwald,Vorm Walt,"Oberösterreich, Erzherzogtum",
1384,Waldkirchen (am Wesen),Woltkürchen,"Oberösterreich, Erzherzogtum",
1385,Waldkirchen,,,
