personenBezeichnungId,bezeichnung
1631,Kinder des Grafen von Kornfeil
207,Kapuziner
131,Dominikaner
5,Leute
6,Herrschaft
8,Kaufmann
1627,Glashändler
10,Herr
12,Monsieur
141,Kloster Melk
14,Fabrik (ksl.)
138,Gürtler
18,Pfleger am Altenhof
19,Pfleger von Rannariedl
20,Kaufleute
3625,Dominikaner zu Steyr
23,Zuckerbäcker (ksl.)
139,Bürgermeister von Straubing
1772,Markt Innerberg
27,Sekretär (ksl.)
28,Soldaten
2666,Pulverfabrik (ksl.)
30,Pfleger
820,Dragonerregiment Prinz Ferdinand von Bayern
33,Offiziere
34,Schmelzwerkfaktoramt in Tirol (ksl.)
1010,Rosshändler
1625,Schneider am Platz
38,Mann
40,Verwalter von Langhalsen (ehemalig)
142,Hafner
44,Komödianten
47,Rekruten
136,Kurier (ksl.)
50,Barone
51,Ordinari Nürnberger Bote
127,Kavalier
54,Freiherr
55,Weib
1752,Dienerschaft des Grafen von Daun
58,Verwalter von Weitenegg (ehemalig)
59,Fleischhacker
60,Bürger
63,Gräfin
64,Frau
65,Marchese
66,Maurer
69,Reichshofrat
70,Kloster Weihenstephan
71,Administrator von Engelszell
72,Herrschaft Altenhof
73,Offizier
143,Gräfin (jung)
1632,Kürassierregiment Podstatzky
135,Cölestinerinnenkloster Steyr
128,Agent
80,Nuntius
81,Graf
82,Geistliche
83,Soldatenhauptmann (kurbayrisch)
85,Binder
1626,"Oberamtsrat im Herzogtum Schlesien (ksl.), Graf"
88,Lederer
89,Botschafter von Spanien
90,Marquis
91,Prinz
93,Fürst
1885,Dienerschaft des Philipp Heinrich von Jodoci
96,Botschafter von Venedig
97,Franziskaner
1489,Offiziersfrau (Salzburger)
2271,Ehefrau des Doktor Gerster
101,Kaiserin
102,Gesandter
103,Gesandter von Kurpfalz
104,Referendar
105,Handwerksleute
106,Pfleger von Ranna
107,Sekretär von Neuhaus
108,Kürassierregiment Prinz Emanuel von Savoyen
111,Gesandter von Schweden
1479,Kommissar (ksl.) bei der Wahl des Erzbischofs von Salzburg
113,Kloster St. Florian
114,Karmelitinnen
115,Herrschaft Aichberg
365,Pfarrkirche Ybbs
117,Kürassierregiment Graf Lobkowitz
118,Herrschaft Marsbach
1050,"der Alte, Bürger"
1765,Ingenieur
121,Brauhaus (herrschaftlich)
122,Husarenregiment Splényi
123,Regiment Graf Jörger
1603,Ehefrau des Grafen Somaglia
125,Hofküche (ksl.)
144,Gesandter von Hanau
145,Hofkammerrat
148,Riemer
149,Bischof von Passau
150,Dienerschaft
1846,Verwalter von Aschach
1595,Markt Neufelden
153,Pfleger von Marsbach
154,Stift Klosterneuburg
155,"Obersthofkanzler, Graf"
156,Hofbauamt (ksl.)
157,Verwalter von Sprinzenstein
158,Pfleger von Neuburg am Inn
159,Comte
160,Kürassierregiment Modena-Este
162,"Referendar, Baron"
163,Stadtkammeramt Passau
164,Kloster Säusenstein
165,Kloster Pupping
166,Kasernen (niederösterreichisch)
167,Barone (jung)
168,Pfleger von Obernberg
169,Kloster Schlägl
170,Gesandter von Sachsen
171,Gesandter von Kurmainz
172,Gesandter von Ulm
173,Hochstift Passau
174,Domkapitel zu Passau
2396,Kamaldulenserkloster
177,Gesandter von England
178,Kirchfahrter Leute (Wallfahrer)
179,Hieronymitaner
180,Gesandter von Lucca
181,General
182,Hofrat (Passauer)
183,Offiziere (herrschaftlich)
184,Bergknappen
185,Hofkeller (ksl.)
187,Gesandter von Florenz
189,Legationssekretär (Kurtrier)
190,Frau (gnädig)
191,Leute (fränkisch)
192,Offizier (Regiment Starhemberg)
193,Kammerdiener (ksl.)
194,Buchbinder
195,Jesuiten
196,Kasernen
198,Hafnerweiber
199,Seiler
201,Kloster Vornbach
202,Kloster Reichersberg
203,Kloster Suben
204,Stift Berchtesgaden
205,"OÖ Hofkammerrat, Freiherr"
209,Prinzipalgesandter (Kurböhmen)
211,Ministerialbancodeputationskanzlei (ksl.)
213,Medicus
214,"Hofkammerrat, Baron"
215,Fürstin
217,"Oberstjägermeister zu Innsbruck, Graf"
219,Reichshofratssekretär
220,Infanterieregiment Trautson
221,Klöster
222,Barmherzige Brüder zu Pressburg
223,Reichspostmeister (ksl.)
224,Nonnen
227,Herren (jung)
3483,Regiment Graf Palffy
230,Abate
231,Gesandter der Toskana
232,Apotheker
233,Hofkastner von Landau
234,Mautamtsverwalter
1749,Oberleutnant
237,Kapelle Unsere Liebe Frau zu Altötting
238,Erzhaus Österreich
239,Kloster Engelszell
241,"Prinzipalkommissar (ksl.), Fürst"
244,Bäcker
245,Falkner (ksl.)
247,Herzog
248,"Gesandter von Eichstätt, Graf"
1754,Färber
250,Gräfin (verwitwet)
252,Hofkammerrat (Passauer)
253,Legationssekretär (kurbayrisch)
254,Erzbischof von Gran
255,Sekretär (Kurpfalz)
257,Offiziere des Grafen von Schönborn
259,Kloster Montserrat
260,Kürassierregiment Veterani (ksl.)
261,Magazin der Stadt Linz
262,Offizier (des Fürsten von Liechtenstein)
263,Frauenkloster
264,Dragonerregiment General Rabuttin
265,Kürassierregiment Steinville
266,Kurier (englisch)
267,Dragonerregiment Graf Vehlen
268,Kardinal
271,Salzburger Bote
272,Münchener Bote
274,Regierungskanzler in Wien
275,Kloster Aldersbach
276,Leute des Kardinals von Sachsen-Zeitz
279,Kaiser
280,Don
281,Infanterieregiment Prinz Franz von Lothringen (Jung-Lothringen)
282,Husarenregiment Baboczay (ksl.)
2547,Pfleger zu Weitenegg (ehemaliger)
285,Geheimer oö Hofkanzleiregistrator und Konzipist
1618,Ehefrau des Baron von Weichs
289,Kaiserhof
2097,Goldschmied
291,Reichshofkanzlei-Taxamt
292,Proviantmeister (kurbayrisch)
1560,Karmeliter (barfüßig)
295,Bischof von Augsburg
296,Kloster Herzogenburg
297,"Miliz (ksl., bei Linz kampierend)"
1599,Ehefrau eines Hauptmanns
3598,Augustiner (barfüßig) in Wien
300,Kürassierregiment Gondrecourt
301,Leute (schwäbisch)
302,Salpeter- und Pulverwesensinspektor (ksl.)
303,Pulverstampfe (ksl.)
304,Universalbankalität (ksl.)
305,Lederfabrik des Freiherrn von Sternbach
306,Kavalier (preußisch)
307,Bürgerschaft
308,General (ksl.)
309,Bilderhändler
310,Kürassierregiment General Mercy
311,Glockengießer
312,Kavalier (welsch)
314,Pater
315,Jesuit
1797,Gesandter von Venedig
317,Hauptmautamtsgegenhändler (ksl.)
318,Herrschaft Eferding
319,Kloster Tegernsee
1711,Bataillone des Regiments Max Starhemberg
321,Fürstabt von Kempten
1861,"Landeshauptmann von Mähren, Graf"
1881,Schlosshauptmann (ksl.)
1006,Offiziere (ksl.)
326,d. J.
2323,Kastenverwalter des Klosters St. Nikola
328,Dragonerregiment Bayreuth
329,Kürassierregiment General Gronsfeld
330,Kürassierregiment General Graf Martigny
331,Kürassierregiment Palffy
332,Armee (ksl.)
333,Gotteshaus Putzleinsdorf
1745,Leute (mainzisch)
336,Leute (der Herrschaft)
1051,"Reichsreferendar (ksl., geheim)"
338,Hofkriegsrat
1726,Graf (württembergisch)
340,Kürassierregiment Hannover
341,Husarenregiment Nadasdy 
3531,Dienerschaft eines Offiziers
1598,Leute des Glashüttenmeisters
345,Salzburger Boten
346,Braumeister
347,"Salzburg, Erzstift"
348,"Domherr zu Augsburg, Graf"
349,Gesandter von Nürnberg
350,Gesandter von Brandenburg
1845,Weihbischof von Passau
354,Frauenkloster Niedernburg
355,Leute (oberländisch)
1619,"Geheimer Rat (Weimarisch), Baron"
1771,Feldapotheker (ksl.)
360,Boten (die das Heilige Öl aus Passau geholt haben)
362,Schiffamt (ksl.)
363,Kammerdiener des verst. Baron von Pettenried
364,"Prinzipalkommissar (ksl.), Graf"
367,Bote
368,Hofkammerkanzlei (ksl.)
369,Hofkriegsratskanzlei (ksl.)
370,Niederösterreichische Regierungskanzlei
371,Tuchmacher
373,"Kloster St. Peter, Salzburg"
2981,Botschafter der Türkei
375,"Gesandter von Frankreich am Kaiserhof, Herzog"
2533,Kloster St. Zeno
378,Kürassierregiment Graf Viard
379,Armee in Ungarn (ksl.)
380,Steyrer Messinghandlung
381,Tabakamt (ksl.)
382,Salzniederlage Aschach
383,Salzniederlage Landshaag
384,Steyrer Bote
386,Kupferadministrator (ksl.)
388,Kloster St. Nikola
390,Weinhauer
391,Leseoffiziere (Passauer)
392,Schiffmeister
393,Kloster Nonnberg
394,Lesekommissare (Salzburger)
395,Kloster Raitenhaslach
396,Kloster Baumburg
397,Kloster Seeon
398,Wirt
399,"Wirt, Bürger"
400,Bäckerjungen
401,Gallioten (ksl.)
402,Kelleroffizier (ksl.)
403,Referendar (ksl.)
404,Schiffknechte
405,Mautzettel ohne Namen
406,Husarenregiment Graf Esterhazy
408,Regiment Bayreuth
1843,Kinder der Kriegskommissarin (ksl.)
413,Verwalter am Altenhof
3449,Domherr zu Köln
2899,"Hofkammerpräsident, Domkanonikus (Freising)"
417,Doktor
418,Kammerjungfer
419,Weber
420,"Hutmacher, Bürger"
421,Tafeldecker des Klosters Schlägl
1617,"Geheimer Rat (Kurpfalz), Baron"
423,Marketender
424,Gesandter von Pfalz-Neuburg
425,Bürgermeister von Passau
544,Ingenieur Obristwachtmeister zu Belgrad
427,Hofmeister des Herzogs von Braunschweig
428,Dragonerregiment Galbes
430,Kloster Fürstenzell
431,Kloster St. Andrä an der Traisen
432,Exzellenz
433,"Reichshofratspräsident, Graf"
434,"Hofmarschall, Fürst"
435,Reichsvizekanzler
436,"Geheimer Rat, Reichsvizekanzler, Graf"
437,Gesandte in Schwaben
438,Prälat von Engelszell
440,Kloster Neustift
442,Prälat von St. Nikola
443,Obristleutnant (Regiment Württemberg)
444,Oberkommissar
445,Richter
1894,Infanterieregiment von Suchow
1805,Dienerschaft des Prinzen Friedrich von Württemberg
2548,"Ehefrau des Georg Haßlmayr, Pflegers von Weitenegg "
471,"Vizestatthalter, Graf"
452,Kloster Lambach
2983,"Bischof von Modrica, Graf "
454,Soldaten (Regiment von Thaun)
3594,Augustiner in Wien
456,Madame
1760,Kriegskonzipist (ksl.)
458,Sprinzensteinische Bräuhäuser in Neuhaus a. d. Don
662,Schwarzhafner
460,Feldspital
461,Brauhaus
462,Kloster Niederaltaich
463,Landschaftstrompeter
464,Hochwürden P. Prior
465,Parteien
467,Studenten
1788,Burgpfleger (ksl.)
991,Artillerie (ksl.)
472,"Obersthofmeister, Graf"
473,Gesandter von Lothringen
474,"Bäcker, Bürger"
1793,Mautamt (ksl.)
477,"Gräfin, Hofdame"
1978,Infanterieregiment Franz Wenzel Wallisch
479,Baronin
480,"Reichshofratssekretär, Resident zu Köln"
481,Gesandter von Österreich in Regensburg
482,Verwalter zu Pöggstall (Passauer)
483,Kaufmannsfrau
484,Baron
485,Kloster Michaelbeuern
488,Kloster Osterhofen
489,Reichshofreferendar (ksl.)
491,Obristleutnant (ksl.)
2555,"Gesandter von Frankreich, Marquis"
1802,Lederer (alle)
2552,Mautamtsprotokollist
501,Kapuziner (Mariahilfberg)
502,Kapuziner (Unteres Kloster)
503,Frauenkloster St. Christoph (genannt Püttrichkloster)
506,Mautbeamte zu Linz
507,Prinz (welsch)
1849,"Bischof, Graf"
509,Kloster Wilhering
510,Kanoniker bei St. Stephan
511,Kloster Ranshofen
1764,Minoriten
513,Plenipotentiarius (ksl.) zu Soissons (verstorben)
1724,Domherr zu Wien
515,"Domherr zu Salzburg, Graf"
516,Herrschaft Rannariedl und Aichberg
517,Hoflieferant
518,Dragonerregiment Prinz Eugen
519,Herrschaft Pürnstein
520,Offizier (Passauer)
1590,Bauholzstadel (ksl.)
522,"Oberfaktor (kgl., polnisch)"
523,"Obrist, Marquis"
524,Paulaner
3371,Kapelle St. Anna
526,"Regimentsrat (ksl.), Baron"
527,Kloster Gaming
528,Rekruten (abmarschierend nach Neapel und Sizilien)
531,Kriegskommissar in Tirol
533,Hofratsagent
1767,Schuster
535,Küchenmeister (kgl. polnisch)
536,"Gesandter am Kongress von Soissons (ksl.), Graf"
537,Steinmetz
538,Verwalter zu Landshaag
539,Reichshofkanzlist
540,Kloster Indersdorf
541,Graf (jung)
542,Leutnant
545,"Maurer, Steinbrecher"
546,Sekretär (Nürnberger)
547,Überreiter
548,Kriegssekretär
549,Gesandter von Frankreich
550,"Doktor, Gerichtsadvokat (Passauer)"
551,Proviantbäckerjungen (ksl.)
552,Provinzial
553,Karmeliter
554,Herrschaft Rannariedl
555,Bischof von Bamberg und Würzburg
556,Offiziere des Regiments Prinz Lothringen
557,Jude
558,Rittmeister
1629,Prälat von Göttweig
561,Ochsenwirt
1636,Sekretär des Grafen von Töring
564,Leute des General Schönborn
566,Zimmermeister
567,Hofportier (ksl.)
568,Hofrat (ksl.)
569,Geistlicher des Klosters Aldersbach
570,Boten (die das heilige Öl aus Passau holen)
571,Leinwandhändler (bürgerlich)
984,Kürassierregiment Graf Cordoba
1011,"Hofjude (ksl.), Oberfaktor"
574,Ordensgeistliche (unterschiedlich)
575,Fräulein
576,Provianthaus (ksl.)
577,Bischof von Seckau
578,Prälat
579,Edler
580,Kurfürst von der Pfalz
581,"Inhaber der Grafschaft Neuburg/Inn, Graf"
582,Bootsknechte
583,"Salzmaier in Tirol (ehemalig, ksl.)"
584,Offizier (ksl.)
586,Kriegskommissar (ksl.)
587,Gesandter von Parma
589,Erzbischof von Valencia
590,Kaiserin (Witwe)
591,Feldspitäler in Ungarn (ksl.)
592,Kavaliere (unterschiedlich)
593,"Färber, Bürger"
1574,Wirt zu Hartkirchen
595,Kurfürst von Köln
596,Kammerherr (kurpfälzisch)
2600,Gesandter von Modena (außerordentlich)
598,Prälat von Seitenstetten
603,Generalkriegszahlmeister (ksl.)
604,Deutschordensherr
1623,Herren (Breisgauer)
606,Domherren zu Salzburg
607,Reichshofagentin
608,"Domherr zu Passau, Graf"
3595,Augustiner in München
1809,Offiziere (Regiment Kuefstein)
611,"Jesuiten (-kolleg, bei St. Anna)"
612,Kupferhandlung (ksl.) bei der k. k. Bergstädtischen Kammer Neusohl
613,Leute des Generals (ksl.)
614,Pfleger von Obernzell
615,Braut des Herrn Kayserstein
616,Pfleger von Hafnerzell
617,Stückhauptmann
618,Oberkriegskommissar (ksl.)
619,Bauern
1869,"Hafner, Bürger"
1870,Dienerschaft des Herzogs von Sachsen-Meiningen
1836,Prälat von Kremsmünster
624,Glashüttenmeister
625,Dienerschaft des Grafen Wratislav
626,"Prinzipalgesandter (Kurböhmen), Graf"
1719,Salzburger Mundbäcker
629,Hofrat (Wolfenbütteler)
631,Kinder des Hofrats Paul Friedrich Eschen
632,Kloster Tyrnau
633,Kavalier (polnisch)
1769,Kammerdiener (salzburgerisch)
636,Kinder der Frau Löschenkohlin
637,Kurfürst von Trier
1768,Dechant
641,Kellermeister von Passau
642,Postamt (ksl.)
643,Perückenmacher
644,"Pflegerin zu Ebenzweier, verwitwete"
2018,Handschuhmacher
646,Obrist (ksl.)
647,Kanzlei der Stadtbankhauptkasse
648,Barfüßer der Allerheiligsten Dreifaltigkeit zu Pressburg
3379,Dienerschaft des Präsidenten des Hofkriegsrats von Nesselrode
650,Kloster Garsten
1077,"Pater, Jesuit"
652,"Reichshofrat, Graf"
653,Hausmeister des Grafen Röder
654,Inspektor des Grafen Lamberg
1844,Dragonerregiment Graf Jörger
656,"Bäcker am Platz, Bürger"
657,Geistliche des Klosters St. Florian
1758,Infanterieregiment Franz Palffy
659,Infanterieregiment Markgraf Baden-Durlach
1738,Ehefrau des Grafen von Taufkirchen
661,Rentmeisterin
663,Erzbischof von Salzburg
665,Pfleger (Passauer)
666,Faktor (ksl.)
667,Festungen in Ungarn (ksl.)
668,Kloster Göttweig
669,Geistlicher des Klosters Reichersberg
1600,Ehefrau des Grafen von Seeau
672,Hofapotheker (ksl.)
673,Leute des Grafen Starhemberg
674,Franziskanerprovinzial
3184,"Pater, Prediger"
676,Domvikar zu Passau
677,Hof (kurbayerisch)
678,Kloster St. Blasien im Schwarzwald
679,Truchsess (Salzburger)
2046,Tabakadministrator in Wien
681,"Franziskanerprovinzial, Pater"
1884,Dienerschaft etlicher Herren
1782,Handelsmann (bürgerlich)
684,"Reichshofrat, Baron"
1751,"Gubernator von Mailand, Graf"
686,Hofdirektor (Passauer)
688,Ledermeister (bürgerlich)
690,Domherr
1596,Pfleger zu Steyregg
692,Hofmeister des jungen Grafen von Harrach
693,Landeshauptmann von Oberösterreich
2423,"Oberstfalkenmeister (ksl.), Graf"
695,Münzmeister (ksl.)
696,Salzbergstädte (Belgrader Banat)
697,Soldaten (abgedankt)
698,Färber in der Gassen
700,Zeughaus (ksl.)
702,Seiltänzer
703,Leutnant (Regiment Giulay)
3473,Kapuziner (Provinz Österreich)
705,Herrschaft Aschach
706,Prälat von Schlägl
707,Brautsperson
708,Herrschaft Götzendorf
709,Herrschaft Berg (bei Rohrbach)
711,Bankalitätsrat
713,Glaser
2422,"Regimenter (unterschiedlich, ksl.)"
715,Zimmerleute
1614,Bergwerksarbeiter (Tiroler)
718,Rittmeister (ksl.)
719,Pfarrer
720,Erzherzogin
2478,Pascha
722,Pfleger zu Pürnstein
723,Rentmeister
726,Hofstallungen (ksl.)
725,Hofjude (ksl.)
727,Kriegskommissarin (ksl.)
2377,Dienerschaft eines Generals
729,Domstift
1605,Pater Kellermeister von Kloster Niederaltaich
731,Bischof von Eichstätt
732,Glasträger
733,Kurprinz von Bayern
734,Regiment Fürst Lobkowitz
735,Salzamt Linz
1615,Dienerschaft des Grafen von Stein
737,Kloster Waldhausen
738,Kaufmannsdiener (krank)
741,Kürassierregiment General Graf Eck (ksl.)
742,Prinzen (kurbayrisch)
743,Bote (Passauer)
744,Leseherren des Klosters Nonnberg
745,"Seifensieder, Bürger"
746,Hofrichter zu Engelszell
747,Gesandter von Savoyen
1848,Leute des Grafen von Wezl
749,Gesandter von Braunschweig-Wolfenbüttel
750,Hofkammerdirektor (Passauer)
751,Kloster bei der Hl. Dreifaltigkeit
752,Kürassierregiment Sulzbach
753,Hauptmann (ksl.)
754,Offiziersfrau
3440,Dienerschaft des Grafen von Donaky
758,Kürassierregiment Hohenzollern
759,"Prinz (kurbayrisch, ältester)"
760,Domherr zu Olmütz
762,Kloster Reichersberg
763,Kloster Vornbach
764,Hochstift Freising
765,Plankenmüller
766,Erzbischof von Wien
3203,Bürgerschaft (abgebrannt)
769,Schlosspfleger zu Linz
770,Dienerschaft des Grafen von Metsch
771,Kurfürst von Mainz
1465,Zeughaus (bürgerlich) in Wien
774,Pfleger zu Obernzell (ehemalig)
776,Kloster St. Salvator
777,"Gesandter von Salzburg, Graf"
778,Hofbinder des Hochstifts Berchtesgaden
779,Regent (Starhembergisch)
2135,Kloster Steyr
781,Dienerschaft des Freiherrn von Seilern
782,Domkapitular zu Olmütz
783,Offiziere (fürstenbergisch)
784,Wirte
785,Hofstaat der Kaiserin (Witwe) Amalia
786,Ehefrau des Seckl Samson Markbreither
787,Kinder des Seckl S. Markbreither
788,Prälat von Montserrat
789,Mautner
790,Gegenschreiber
791,Leute des Baron von Schell
794,Hofstaat der Kaiserin Elisabeth Christine
795,Hofstaat der Kaiserin (Witwe) Eleonora
797,Kammerjungfrau der Fürstin von Dietrichstein
2098,Schneider
799,Gesandter von Sachsen-Gotha
800,"Monsieur, Majordomus"
801,"Obrist (ksl.), Baron"
803,Dienerschaft des Fürsten von Bamberg und Würzburg
804,"Bischof von Bamberg und Würzburg, Reichsvizekanzler, Fürst"
805,Hofkriegsratsagent (preußisch)
806,Dragonerregiment Liechtenstein
807,Reichshofvizekanzler
1630,Ehefrau des Grafen von Kornfeil
1166,Franziskanerklöster
810,Frauenkloster Neuburg an der Donau
811,Leute des Prinzen von Pfalz-Sulzbach
812,Hofrat (Kurmainz)
814,Rat (Passauer)
815,Bettelweib
816,Reichshoffiskal
817,Freifrau
821,Männer
822,Dragoner
823,Prior
824,Prälat von Geras
825,Dienerschaft des spanischen Botschafters
826,Herrschaft Helfenberg
2995,"Geistlicher, Bruder des Sebastian Gabler"
828,Dienerschaft des Grafen Schallenheim
829,Soldaten (Fürst Lobkowitzisch)
830,"Bäcker in der Gassen, Bürger"
831,"Pater, Kapitular zu St. Blasien"
832,Hofrat (fürstenbergisch)
833,"Fräulein, Gräfin"
834,Linzer Bote
835,Haus des Stiftes St. Florian in Linz
836,Heiliggeist Stift
837,Leute des General Dilliar
3453,Obereinnehmer
839,Dienerschaft des Prinzen von Anhalt
841,Serviten in der Rossau
843,"Obersthofkanzler, Graf"
844,Stadtrichter zu Ybbs
1487,Jüdin
846,Kontrolleur des Prinzen Eugen
847,Gesandter von Genua
853,Hauptmautamt (ksl.)
857,Hochfürstliches Bauamt zu Passau
858,Herrschaft Gneisenau
1727,Dienerschaft des Grafen Sinzendorf
860,Weinwirte
1628,Pfleger von Weidenholz
862,Untertanen (ungarisch)
863,Offizialamt (passauisch)
864,Kriegsagent
865,"Exzellenz, Graf"
1835,Bürger (ehemalig)
867,Tabakadministratorenamt (ksl.)
868,Mautzettel ohne Unterschrift
870,Kriegsregistrator
872,Botschafter von Frankreich
1024,Gschmeidler
2525,Domkapitulare zu Augsburg
1739,Kinder des Grafen von Taufkirchen
1321,Obstweib
1597,Jungfrau
879,Kavaliere (niederländisch)
880,Auditor (ksl.)
881,Prälat von Melk
1732,Agent (Löwensteinisch)
1729,Dienerschaft des Grafen Spaur
1731,Salzniederlage Obermühl
886,Weihbischof
887,Gesandter von Württemberg
888,Kloster Seitenstetten
890,Abt des Klosters Zwettl
891,Kloster der Barmherzigen Brüder
892,Bergknappen (ksl.)
893,Offiziere (Regiment Württemberg)
894,Dienerschaft von 6 Offizieren (Regiment Württemberg)
895,Kavaliere
896,Verwalter zu Landshaag (ehemalig)
898,Kanoniker
899,Herrschaftskeller
900,Malteserstift
901,Regiment Alexander von Württemberg
1387,Eltern des verstorbenen Kaplans zu Hartkirchen Sebastian Weydorfer
903,Pfleger zu Eferding
1784,Diener des Hofjuden (ksl.) Wertheimer
908,Agent von Kurbayern
2388,Herrschaftskeller Harrach
911,"Jesuitenkolleg (ksl., akademisch)"
912,"Offizial (Passauer), Graf"
1756,"Hauptmann eines Dragonerregiments, Baron"
918,Reichshofkanzlei
1606,"Dienerschaft des Reichsvizekanzlers, Bischof von Bamberg und Würzburg"
922,Infanterieregiment Ligneville (ksl.)
923,Infanterieregiment Alcaudete 
1007,Stadtsyndikus von Passau
2968,Gesandter von Sachsen-Zeitz
927,"Reichshofrat, Freiherr"
3381,Prior zu Steffanegg
929,Tischler (bürgerlich)
930,Prinz (sächsisch)
931,Dienerschaft eines sächsischen Prinzen
932,Gesandter von Breisgau
933,Stallmeister des Fürsten Schwarzenberg
934,Kapuzinerprovinzial
935,Fürststift Kempten
936,"Gesandter von Genua, Marchese"
1536,Pfarrkirche St. Leopold
938,Rumäne
939,Frau Referendar
1023,Kupferschmied
942,"Rat (Passauer), Pfleger zu Leoprechting"
943,Pfarrkirche zu Sitzendorf
2038,Kloster
946,Hauptbergwerksamt (ksl.)
947,Kürassierregiment Offeln
992,Dienerschaft (herrschaftlich)
950,Rahmenkrämer
951,Passauische Weingärten in Niederösterreich
952,Bibliothekar (ksl.)
1013,Kammerzahlmeister (fürstbischöflich Passauer)
955,Kürassierregiment Alcaudete 
956,Landrichter zu Linz
957,Gesandter von Braunschweig
958,Minister (ksl.)
959,Räte (ksl.)
960,"Obersthofkanzler, Geheimer Rat, Graf"
1753,Tochter des Kupferschmieds
962,Geistlicher
963,Klosterfrauen bei St. Lorenz
964,Proviantmagazine (ksl.) in Ungarn
965,Mautner zu Salzburg
2996,Landschaftseinnehmeramt (oberösterreichisch)
967,Baumeister (ksl.)
968,Sekretär (spanisch)
969,Herren
970,Agent von Kurköln
972,Hochwürden
974,"Domherr, Graf"
975,Regimentsrat (nö)
976,Ehefrau des Heinrich Johann
977,Kinder des Heinrich Johann
978,Mautner zu Stein
979,Leute (welsch)
980,Kavaliere (jung)
982,"Bischof von Freising, Herzog"
983,Residenzkanzlei (ksl.)
985,Hofratssekretär
2998,Leute des Oberfaktors (ksl. und kgl.) Samson Wertheimer
987,Pfarrer (ehemalig)
988,Kavaliere (englisch)
989,Feldartillerie (ksl.)
990,Kaplan im Dechantshof
994,Hofmeister des Prinzen Friedrich von Württemberg
995,Soldatesca (ksl.)
2405,Lesekommissar (Passauer)
1477,Herrschaft Neuburg am Inn
999,Prälat von Marchtal
1880,Lemonenhändler
1001,Bischof
1787,Brauamt
1003,Reichshofrat und Kammerrat
1004,"Landmarschall, Graf"
1005,"Gesandter von Florenz, Marchese"
1012,Hochzeitsleute
1014,Offizier (bayrisch)
1015,Bischof von Konstanz
1016,"Geheimer Rat, Kanzler (des Bischofs von Konstanz)"
1017,General (bayrisch)
1019,Dragonerregiment Prinz von Savoyen (ksl.)
1020,Kommissar (bayrisch)
1021,Dienerschaft des Prinzen Alexander von Württemberg
1022,Huterer
1025,Drechsler
1026,Kürschner und Weißgerber
1027,Bibliothek (ksl.)
1028,"Landeshauptmann von Oberösterreich, Graf"
1742,Kammerdiener (herrschaftlich)
1030,Kriegssekretär (ksl.)
1032,Gesandter von Sachsen-Meiningen
1033,Ehefrau des Gesandten von Sachsen-Meiningen
1034,Dienerschaft des Gesandten von Sachsen-Meiningen
1036,Fabrikanten (ksl.)
1037,Ölträger
1038,Hofkammer (ksl.)
1039,Bewohner des Temeswarer Banats
1040,Diener des Bernhard Gabriel
1084,"Domherr zu Köln und Straßburg, Graf"
1042,Infanterieregiment Broun
1043,Diener des Wolf Lippmann
1601,Kinder des Grafen von Seeau
1045,Dienerschaft von 10 Offizieren (bayerisch)
1046,Geistlicher des Klosters St. Peter
1047,Herrschaft Freistadt
1622,Herren (bayrisch)
1049,"Braumeister, Bürger"
1052,Regimentsrat (oö)
1053,Gesandter von Polen
2541,Schottenkloster
1057,Mutter des Reichshofrats v. Jaxheim
1059,Zeugmacher
1807,"Bäcker am Platz und bei der Kirche, Bürger"
1062,Reichsreferendar
1063,Diener (herrschaftlich)
1879,Dienerschaft der Gräfin Sinzendorf
1065,"Reichshofratsvizepräsident, Graf"
1067,Mensch
1068,Diener des Leb Manasses
1069,Beschließerin am Rannariedl (ehemalig) 
1070,Infanterieregiment Harrach
2399,Verwalter der Herrschaft St. Nikola
1862,"Bischof von Nitra, Graf "
1073,Kastner von Osterhofen
1074,"Gesandter von Modena, Graf"
1075,Oberkommissarin (verwitwet)
1076,Hofrat des Fürsten Löwenstein
1078,Bischof von Tournai (Dornick)
1079,Dienerschaft des Bischofs von Tournai
1433,Pflegskommissarin von Pöchlarn (verwitet)
1082,Oberkommissar (neu)
1083,Hofmusiker (fürstlich passauisch)
1086,Prälat von Garsten
1087,"Vizedom von Straubing, Freiherr"
1592,Dienerschaft des Gesandten von Genua
1091,Prälat von Vornbach
1759,"Domkapitular zu Passau und Olmütz, Graf"
1320,Generalin
1095,Pflegerin von Rannariedl
1096,Gnadenort Mariazell
1097,"Hofrätin (ksl., verwitwet)"
1098,Verwalter von Sprinzenstein (resigniert)
1100,Franziskaner zu Langenlois
1165,Herrschaften
1800,Kupferadministration (ksl.)
3161,Grenzmiliz (ksl.)
3605,Dechant zu Reichersberg
1633,Herzogin
1106,Hofkellermeister (Salzburger)
1109,Infanterieregiment Graf Gyulai
3215,Welsche
1743,Waldmeister zu Neuburg am Inn (ehemalig)
1113,Sohn des Salomon Brodi
1114,Diener des Salomon Brodi
1115,Verwalter von Götzendorf
1117,Hofrat des Fürststifts Kempten
1118,Ehefrau des Hofrats Paul Friedrich Eschen
3164,Reichsgraf (ksl.)
1120,Ministerialbancodeputationsbuchhalterei (ksl.)
1121,Haupt- und Rotenturmmautamt (ksl.)
1122,Landschaft zu Linz
1123,Kürassierregiment Prinz Philipp von Hessen-Darmstadt
1124,Kürassierregiment Hamilton
1747,"Leute (fränkisch, schwäbisch)"
2535,Salzamt (ksl.)
1130,Kellermeister des Fürsten Liechtenstein in Wien
1131,Kellerschreiber des Fürsten Liechtenstein in Wien
1132,Heilig-Grab Kirche St. Peter und St. Paul
1827,Karmeliterin
1134,"Reichshofvizekanzler, Graf"
1136,"Gesandter von Kurtrier, Freiherr"
1137,"Gesandter von Kurpfalz, Freiherr"
3385,"Hofrätin, Gräfin"
1219,Prior des Klosters Engelszell
2539,Kammermaler (ksl.)
1144,"Gesandter (ksl.), Graf"
1145,Tochter des Herrn Strohhammer aus Aschach
1148,Regiment Jung-Daun
1634,Dienerschaft der Herzogin von Arenberg
1635,"Kardinal, Erzbischof von Wien"
2362,Infanterieregiment Müffling
1737,Leute (bayrisch)
1153,Oberpostmeister zu Wien
1766,Dienerschaft des Grafen von Mohrenfeld
1253,"Conkommissar zu Regensburg, Freiherr"
3623,Fabrik/Manufakturhandlung (ksl.)
1159,Gesandter von Dänemark
1161,8. Dragonerkompanie des Prinz Eugen
1168,"Obersthofjägermeister und Landjägermeister (ksl.), Graf"
1224,Ehefrau des Grafen Alois von Harrach
1223,"Landmarschall (ksl.), Graf"
1176,Verwalter von Langhalsen
1761,Passauer Hof (neugebaut)
1178,Berg- und Schmelzwerkfaktoramt in Tirol (ksl.)
1180,"Inhaber der Herrschaft Aschach, Graf"
3174,"Fräulein, Baronin"
1182,Erzbischof von Kalocsa
1185,Regent (Starhembergisch)
2546,Pfarrmesner
2898,Domherr (Schweizer)
2376,Kriegskassier
1195,Kürassierregiment Waderborn
1196,Generalfeldmarschallleutnant (ksl.)
1748,Schönfärber (bürgerlich)
1624,Pflegerin zu Pürnstein
1199,"Kirche ""Unsere liebe Frau zu Maria Anger"""
1200,Dragonerregiment Graf Philippi
1201,Infanterieregiment Heister
1202,Generallandeshauptmann
1620,Rittmeister (Regiment Caraffa)
1204,Sensenschmiedemeister
1205,Huterer in der Gassen
1206,Fürkäuferin
2557,Kreuzherr
1228,Gärtner von Prinz Eugen in Wien
1211,Kloster St. Pölten
1212,Kasernen und Soldatenlager
1213,"Weib, Kinder"
1214,Weißgerber
1837,Stadtsyndikus von Strassburg
1216,Leseamt des Hochstiftes Passau
3135,"Feldhofkriegsratsekretär, Herr"
1218,Feldkriegskommissar (ksl.)
1221,Faktor der Spiegelmanufaktur (ksl.) in Wien
1227,Herrschaft Neuhaus an der Donau
1230,Gärtner (ksl.)
1231,Obristleutnant
1234,Regiment Max Starhemberg
1235,Leseamt (Passauer)
1236,Standeskasernen (niederösterreichisch)
1237,"Minister (ksl., hoch)"
1690,Hofschreiber zu Rannariedl
1240,Pflegerin von Marsbach
1241,"Krämer, Schmiede"
1242,Kloster Zwettl
1243,Dienerschaft der Fürstin von Longueval
1244,Dienerschaft des General Harrach
1593,Hofbinder (salzburgisch)
1246,Dragonerregiment (bayerisch)
1247,"Pater, Karmeliter"
1721,Mautverwalter
1249,Zahlmeister
1250,Vizedechant
1251,"Domkapitular zu Olmütz, Baron"
1254,Dienerschaft des Kardinal Sinzendorf
1255,Proviantkommissar (ksl.)
1257,Salzburger Bote
1613,Späzl von Engelhartszell
1260,"Generalfeldmarschall, Graf"
1261,Bauschreiber
1262,Invalidenhaus (ksl.)
1263,Hammerschmiede
1264,Arzt
1266,Schmidelsauer
1893,"Offizial, Graf"
1268,Schiffleutnant (ksl.)
1270,Hofdiener (ksl.)
1271,"Hofrat, Baron"
1272,Pfleger zu St. Pölten
1273,Mautbeschauer
1740,Äpfler
1275,Rauchfangkehrer 
1277,Dienerschaft des Freiherrn von Schütz
1722,"Prinz, Kommandierender General in Serbien"
1280,Obermautbeamter am Roten Turm 
3086,Ehefrau des Isaak Leidesdorf
1282,Pfarrkirche St. Veit
1283,Infanterieregiment Nikolaus Palffy
2538,Dienerschaft des Grafen von Sazenhofen
1285,Hofrichter des Klosters Niedernburg
1286,"Hofrat (bürgerlich, Fürst Schwarzenburgisch)"
1287,Frau Reichshofrat
1604,Dienerschaft des Grafen Somaglia
1289,Geistliche des Klosters Osterhofen
1290,Kupferschmiede
1539,"Geheimer Rat (Braunschweig-Wolfenbüttel), Gesandter zu Regensburg"
1293,Dragonerregiment Graf Khevenhüller
1294,Dienerschaft des Trabantenhauptmanns (ksl.) Graf von Westerloo
1295,"Trabantenhauptmann, Graf"
1296,Tanzmeister
1297,Hofrat
1299,Kinder des Graf Franz von Stahrnberg
1300,Lebzelter
1301,Serviten
1302,Hofjude (Kurpfalz)
1303,Leute des Lemle Moyses (Hofjude Kurpfalz)
1305,Domherren
1306,"Bischof von Raab, Graf"
1307,Großtürkische Botschaft
3204,Schwarzspanier
1309,Schmied
1538,"OÖ Hofkammerpräsident, Graf"
1311,Krämer
1312,Pfleger zu Salaberg
1313,Leute des Baron von Weichs
1314,Kommissar (ksl.)
1317,Hausmeister (Fürst Schwarzenbergisch)
1322,Comtesse
1323,Hofrat (sächsisch)
1728,Dienerschaft des Grafen von Taufkirchen
1327,Prior von Wilhering
1328,Magistrat in Wien
1329,Traunführer
1330,Verwalter von St. Peter
1331,Handelsleute (unterschiedlich)
1466,Hofstaat (fürstlich polnisch-sobieskisch)
1334,Hofrat (Brandenburg-Bayreuth)
3624,Dominikaner zu Wien
1336,Fähnrich
3207,Hofstaat der Erzherzogin Magdalena
1339,Kloster Raigern
1340,Geistlicher des Klosters Baumgartenberg
1341,Kriegsrat (ksl.)
1342,Frauenkloster Mariatal in Tirol
1343,Schmied am Altenhof
1344,"Bergstädte (kgl., ungarisch)"
1345,Reiter
1860,Leute (pfälzisch)
1730,Dienerschaft des Grafen Khuen
1349,Postmeister
1350,Ehefrau des Reichshofrats von Bode
1351,Postmeisterin (niederländisch)
1537,Hofkammersekretär (ksl.)
1355,Sonnenwirt in Stein
1356,Schwester des Dechant von Krems
1357,Hofgebäude (ksl.)
1358,Hauptleute (ksl.) aus Italien
1359,Marschall
1734,Mauteinnehmer
1361,Markt Rohrbach
3502,"Kinder des Georg Haßlmayr, Pflegers von Weitenegg "
1364,Personen
1901,"Gesandter von Österreich in Regensburg, Graf"
1366,Zeugleutnant
1368,Vormundschaft der Herrschaft Aichberg
1369,Hofkaplan
1371,Hofrat (kurbayrisch)
1372,Pflegerin zu Auhof (verwitwet)
1409,Kammerdiener (fürstlich)
1374,"Gesandter von Polen am Kaiserhof in Wien, Marchese"
1375,Reichshofkanzleiregistrator
1376,Baumhändler
1377,Ehefrau des Reichshofrats von Jaxheim
1378,Dienerschaft der Ehefrau des Reichshofrats von Jaxheim
1733,Wechselherr
1380,Kanzleidirektor der Prinzipalkommission (ksl.) zu Regensburg
1381,Ehefrau des Johann Philipp von Keil
1755,Weiber
1383,Hofkriegsratsagent
1384,Dienerschaft des Gesandten von Ulm
1385,Advokat
1386,Gesandter von Großbritannien
1757,Bauer
2551,"Hofkammerrat (kurkölnisch, kurbayrisch)"
1390,Schatzmeister (ksl.)
1391,Gesandter von Hessen
1392,Dragonerregiment Battée
1393,Ehefrau des Franz Scheibenbogen
1394,Kürassierregiment Latour
1395,Offiziere (oettingisch)
1396,Gebäude des Hochstifts Passau in Königstetten
1397,Gebäude zu Hartkirchen
1812,Gesandter von Brandenburg-Ansbach
1399,Offizier (Regiment Harrach)
1400,Schwarzadlerwirt
1401,Wirt bei St. Dilling
1402,Infanterieregiment Generalwachtmeister Mazzulli
1403,Hofkanzler (salzburgisch)
1404,Garnisonen (ksl.) in Ungarn
2272,Harrachsches Haus
1407,Dienerschaft eines jungen Grafen von Sinzendorf
1408,Braumeister (ehemalig)
1411,Schwäbischer Gesandter
1412,Hofgärtner
1413,Franziskaner(klöster) um Wien
1414,Kaplan von Kirchberg
1416,Generalin (verwitwet)
1417,Dienerschaft der Witwe des Generals von Virmont
1418,Sohn des verstorbenen Grafen Konrad von Starhemberg
1419,Kellermeister des Grafen Schönborn in Wien
1420,"Hofstaat des Herzogs Alexander v. Würtemberg, kommandierender General des Königreichs Serbien  "
1421,"Gouverneur in Siebenbürgen, Graf"
1422,Kurfürst von Bayern
1425,Hofkammerrat (ksl.)
1426,Gesandter von Braunschweig-Lüneburg
2487,"Gesandter von Kurbayern, Graf"
1428,Englische Fräulein zu St. Pölten
1429,Obrist
1430,Handwerksburschen
1431,"Referendar (ksl., geheim)"
1432,Wechselherren
1434,Frauenkloster Tulln
1435,"Miliz (ksl., in Ungarn)"
1437,Kriegskommissar (Wiener)
1438,Bürgermeister von Wien
1439,"Doktor, Rat (ksl.)"
1777,Doktor der Medizin
1441,Herr (welsch)
1442,Hofrat (Kurpfalz)
1444,Professhaus der Jesuiten
1445,Fahlbauern zu Wels
1446,Kloster Oberalteich
1447,Münzamt (ksl.)
1448,Regimentsrat
1449,Arsenal
1450,Spiegelmanufakturhandlung in Wien (ksl.)
1451,Dienerschaft des Grafen Thürheim
1452,Hofwirt
2090,"Gesandter zu Regensburg (ksl.), Fürst"
1455,Gesandter von Hannover
1642,Stadtpfarrer
1720,Ehefrau des Bernhard Gabriel
1457,Dienerschaft des Johann Wilhelm Diede
1458,Hauptmann
1459,"Feldmarschall, Baron"
3219,"Bürger, Lederer"
1463,Hofmeister des Erzbischofs in Wien
1464,Prälat im Seitzerhof
1467,Dienerschaft des fürstlich polnisch-sobieskischen Hofstaats
1468,Offiziere (französisch)
1469,Soldaten (ksl.)
1470,Schmied (oberer)
1471,Soldaten (auf die Werbung)
1472,Schiffknecht
1473,Hof von Brandenburg-Ansbach
1474,Prälat von St. Florian
1475,Leinwandhändler
1763,Leibkammerdiener (bayrisch)
1478,Rekruten (ksl.)
1480,Kloster Lilienfeld
1481,"Erzbischof von Palermo, Graf"
1482,Infanterieregimenter im Königreich Neapel
1483,Hoffourier (ksl.)
1484,Gesandter von Preußen
1485,Herrschaft Grub
1486,Reichsagent
1488,Mautamt
1490,Gesandter von Würzburg
1491,Klosterfrauen
1492,Grafen (jung)
1493,Buchhändler
1494,Fabrikant
1495,Müller
2549,Kloster Loreto
1498,Kloster Metten
1499,Herren (unterschiedlich)
1501,Fabrik (neu)
1502,Passauer Hof
1503,Sekretär der Königin von Portugal
1504,Ehefrau des Doktor Zöhrer
2563,Pfleger beim Heilig Geist-Spital
1506,Grafen
1507,Pfleger zu Schaunberg (ehemalig)
1508,Bäcker bei der Kirche
1509,Tuchfabrik (neu)
1510,Salzbereiter (ksl.) von Wildenranna
1514,Ehefrau eines Offiziers (Passauer)
1515,Amtschreiber
1517,Priester
1518,Dienerschaft des Fürstbischofs von Passau
1519,"Feldmarschall, Graf"
1520,Ehefrau des Hofkammerrats (ksl.) Hilleprand
3602,Dechant zu Linz
1522,Kammerschreiber
1524,Soldaten (abgedankt) mit Weib und Kinder
1526,Klosterfrau
1527,Hofmusiker (salzburgisch)
1528,Kurier
1529,Landschaftskommissar
1602,Dienerschaft des Grafen von Seeau
1532,Hofmeister des Grafen Kinsky
1533,Ingenieur (ksl.)
1534,Hammerschmiede und Krämer
1535,Reichshofratsagent
1540,Prokurator der Jesuiten in Augsburg
1542,"Hofkammerkommissarien für Garderobe, Mobilien, Hofschneiderei (kurbayerisch)"
1543,Hofrichterin von Niedernburg
1621,Gesandter von Portugal
1546,Ursulinen Frauenkloster in Linz
1547,Kellermeister des Klosters Schlägl (ehemalig)
1548,Hofkastner (Passauer)
1549,Rentmeister zu Königstetten
1741,"Gesandter von Ostfriesland, Geheimer Rat"
1550,Dienerschaft des Grafen Alois von Harrach
1551,"Gräfin, Hofdame der Kaiserin Elisabeth Christine"
1552,Hofdamen und Fräulein
1553,Prälat von Aldersbach
1554,Obstträger
3532,Kirche St. Wolfgang
1556,Offiziere (abgedankt)
1557,Kürassierregiment Franz Palffy
1558,Bauverwalter (ksl.)
1559,Kürschner
1794,Bergwerke (ksl.)
1792,Obristwachtmeister
1562,F.
1563,Landrichter von Berchtesgaden
1564,Ehefrau des Grafen von Königsegg
1565,Dienerschaft des Grafen von Königsegg
1566,Kavallerieregimenter in Italien
1567,Graf (bayrisch)
1568,Stadtschreiber von Linz
1569,Lesemeister des Klosters Suben
2890,"Kardinal, Bischof von Passau, Fürst"
1571,Graf (verstorben)
1572,Infanterieregiment Graf Wallsee
1573,Husarenregiment Graf Csaky
1575,Wirt zu Haibach
1577,Bischof von Würzburg
1811,Gesandter von Kurtrier
1579,Verwaltung St. Peter
1580,Lesekommissare (Passauer)
1581,Weinwirt
1908,Benefikant zu Langhalsen
1583,Lesekommissare des Klosters St. Nikola
1584,Dienerschaft des Freiherrn von Gotter
1585,Heiduckenregiment Graf Palffy
1586,Regimenter zu Pferd (in Laxenburg)
1587,Untertan (der Herrschaft von Aschach)
2527,Untertanen (der Herrschaft Mannsdorf)
1851,"Untertanen (arm, der Herrschaft Schaunberg)"
1637,Geistlicher des Klosters St. Nikola
1638,Dienerschaft des Fürsten von Longueval
1882,Pfarrer (neu)
2545,Kirche
1641,Webermeister
1643,Stückhauptmann (ksl.) und Feuerwerksmeister
1644,Ministerialbancodeputation (ksl.)
1645,Infanterieregiment Marulli
2556,"Edelknabe (ksl.), Graf"
1649,Offiziere (Passauer)
1650,Kavaliere (französisch)
1651,Freihaus des Grafen Gundaker von Starhemberg
1653,Futtermeister
1654,Kavaliere (welsch)
2523,Orgelmacher
1744,Tischler
1657,Gesandter von Freising
2526,"Kommissar (ksl.), Baron"
1659,Kaufmann (niederländisch)
1660,"Truchsess (Salzburger), Oberbereiter"
1661,Dienerschaft des Herrn von Wagner
1662,Untertanen (herrschaftlich)
1663,Hofkaplan (ksl.)
1664,Offiziere (bayrisch)
1665,Wagnerin zu Pupping
1666,Lederermeister (bürgerlich)
1667,Schuhmacher
1668,Erzbischof von Edessa
1669,Juden
1670,Dienerschaft des Reichshofrats von Pinder
1671,Oberstleutnant
1672,Konzipist (ksl.)
1673,Steinmetzmeister
1674,Starhembergisches Freihaus
1675,"Kommissar, Rat (ksl.)"
1723,Freihaus des Klosters St. Florian
1677,Salzpfannen (ksl.)
1678,Frau (verwitwet)
1679,Erzbischof (griechisch)
1680,Diener eines Erzbischofs (griechisch)
1681,Dolmetscher
1682,Mautoffizier
1683,Obristleutnant (bambergisch)
1684,Ehefrau des Obristleutnant von Pyrr
1685,Kinder des Obristleutnant von Pyrr
1686,Dienerschaft des Obristleutnant von Pyrr
1687,Hofbinder (passauisch)
1688,Weib des Hofbinders von Passau
1692,Bürgerin
1693,Gesandter von Bamberg
1694,"Hauptmann zu Mautern, Freiherr"
1695,Regimentskanzler (niederösterreichisch)
1810,"Kammerrat (kurfürstlich), Zahlmeister"
3593,Augustiner in Mariabrunn
1699,Bischof von Tschanad
1700,Dienerschaft des Bischofs von Tschanad
1701,Kavalier (lothringisch)
1702,"Hofkammerpräsident, Graf"
1703,"Schlosser, Bürger in Aschach"
1705,Schlüsselamt Krems (ksl.)
1706,Untertan (türkisch)
1909,Dienerschaft des Grafen von Attems
2426,Bürgermeister von Rattenberg
1778,Leute des Hofrats Cranz
1713,Pfleger des Grafen von Lamberg
1714,"Salzbergstädte (ksl., ungarisch)"
1715,Geheime Hof- und Staatskanzlei
1716,"d. J., Bürger"
1781,"Inhaber der Herrschaft Illereichen, Graf"
1718,Rentschreiber
1814,Arrestant
1815,Ingenieure (welsch)
1817,Brauhaus (bürgerlich)
1819,Querer
1820,Kupferschmiede (sämtliche)
1821,"Geheimer Rat (Brandenburgisch), Gesandter von Brandenburg"
1822,Dienerschaft des Johann Georg von Fischer (Geheimer Rat und Gesandter von Brandenburg)
1823,"Hofrat (ksl.), Reichsreferendar (geheim)"
1824,Bettler (ausländisch)
1825,Leute des Hofkriegrats Kampmillner
1826,"Bischof von Passau, Graf"
1829,Domkirche zu Passau
1830,"Domherr, Kammerpräsident (Passauer), Graf"
1831,"Hofkommissar (ksl.), Baron"
1832,Hofschreiber
1833,Offiziersfrauen
1834,Kinder des Reichshofrats von Bode
1838,Hofmedicus (ksl.)
1839,Hofkammerrat (niederösterreichisch)
1840,Bischof von Wiener Neustadt
1841,Kavalier (spanisch)
1842,Fürst (jung)
1852,Pfarre Alkoven
2406,"Freifrau, Witwe"
1854,Gmundner Bote
1855,Feldscher (kurbayrisch)
1856,Dienerschaft eines Fürsten von Liechtenstein
1857,Dienerschaft des Grafen von Zeil
1858,Klöster (unterschiedlich)
1864,"Regierungsrat (kurbayrisch), Freiherr"
1865,"Domherr zu Salzburg und Passau, Graf"
2187,Kammerherr (lothringisch)
1867,Sekretär
1868,Kammerzahlmeister (ksl.)
1871,Dienerschaft des Grafen von Salm
1872,St. Josephs-Säule
1873,Dienerschaft des Grafen Villafranca
2915,Apfelwirt
1875,Leute des Herzogs von Arenberg
1876,Domdechant
1877,Hofmeister des Herzogs von Württemberg
2944,Kammergut (ksl.) und Salzamt
2561,"Landrichter, Herr"
1888,Landschaftsoffiziere
1889,Gesandter von Lauenburg
3662,Tiergarten (herzoglicher)
1891,Kellermeisterin
1892,Brauhaus (Sprinzensteinisch)
1896,Karlskirche
1897,Schmied im Graben
1898,Dienerschaft des Grafen Friedrich von Harrach
1899,Gärtner
1900,Wallfahrtskirche Maria Taferl
1902,Dienerschaft des Reichshofrats Roth
1904,Stadt
2334,Peterskirche
1906,Dienerschaft eines welschen Prinzen
2203,Dienerschaft des Generals von Schmettau
1911,Fleischsepp
1912,Dienerschaft des Marquis de Prie
1913,Inspektor der Herrschaft Aschach
1914,Ebenmüllner
1915,Ehefrau des Grafen von Herschan
1916,Leute des General Lucatelli
1917,Wagner
1918,Regent (Harrachisch)
1919,Dienerschaft des Ludwig Graf von Sinzendorf
1920,Kloster Mattsee
1922,Hofstaat der beiden Erzherzöginnen
1923,Festung Ofen
2659,Proviantbäcker
1926,Lederhändler
1927,Ratsherr
1930,Landschaftsaufschlagseinnehmer
1931,Weib des Georg Gscho
1932,Kinder des Georg Gscho
1933,Leibmedicus (ksl.)
1934,Hofkriegsratsekretär
1935,Regimentskanzler (ksl.)
1936,Marketenderin
1937,Fürstin (verwitwet)
1938,Notar
1939,Rüstkammer (ksl.)
1941,Kaufmannsdiener
1942,"Geheimer Rat, Reichshofvizekanzler, Fürst"
1944,Infanterieregiment Graf von Arenberg
1945,Leute (rheinisch)
1946,Juden (türkisch)
1947,Maler
1949,Student
1950,Kuriere
2374,Referendarin
1952,Ziegelmacherleute
1953,Nachbarn
1954,Reiter
1955,Ehefrau eines Hauptmanns (verwitwet)
1956,Gesandter (ksl.)
1957,"Bäcker (oberer), Bürger"
1958,Frauen
1960,"Sekretär des Prinz Eugen, Herr"
1961,Herrschaft (welsch)
1962,Sägemüller
1963,Landschreiber 
1964,Bischof von Madrid
1965,Dienerschaft des Grafen von Galen
1966,Obrist (Regiment Daun)
1967,Hauptmann (Regiment Harrach)
1968,Regiment Prinz von Portugal
1969,Forstmeister
2558,"Gesandter in Regensburg (ksl., ehemalig), Graf"
1971,Hofkammersekretär (oö)
1972,Agent des Fürststifts Kempten
2093,Österreich ob der Enns (Erzherzogtum)
1974,Mautbeschauer zu Stein
1975,"Graf (jung, spanisch, verstorben)"
1976,Weiber von Soldaten (abgedankt)
1977,Kinder von Soldaten (abgedankt)
3089,Wiener Bote
1980,"Pfarrer, Schulmeister"
1982,Universitätskirche
1983,Grenzmauteinnehmer
1984,Kammerdiener des Kardinal von Sachsen-Zeitz
1985,Küchenmeister des Kardinal von Sachsen-Zeitz
1986,Dienerschaft der Reichshofagentin von Schleglin
1987,Infanterieregiment Kökényesdi de Vettes
1989,Bader
1990,Untertan (helfenberger)
1991,Bauschreiber (landschaftlich)
1992,Untertanen (Pürnstein)
1993,"Kommerzienrat (nö), Regimentsrat (nö), Baron"
1995,Kloster St. Andrä
1997,Kürassierregiment Graf Galbes
1998,Wachtmeister des Kürassierregiments Graf Galbes
1999,Infanterieregiment Pallavicini
2000,Herrschaft Großschützen
2001,Offizier (des Fürsten von Schwarzenberg)
2002,Fischer
3136,Dienerschaft des Feldhofkriegsratsekretärs von Sautersheim
2004,Stallmeister des Grafen von Schönborn
2005,Dienerschaft eines Generals (ksl.) 
2006,Geistlicher des Klosters Niederaltaich
2009,"Hofkriegsrat (ksl.), Referendar (geheimer)"
2010,Hofstaat des Erbprinzen von Lothringen
2011,"Domkapitular zu Salzburg und Passau (verstorben), Graf"
2012,Kanzler (fürstenbergisch)
2013,Geheimer Rat
2014,Hofstaat des Prinzen von Lothringen
2015,Hofstaat des Herzogs von Lothringen
2017,Stadtmagistrat
2019,Koch
2020,Haushaltungen
2021,Schreiber
2550,Hofkriegsratsexpedition (ksl.)
2335,Dienerschaft eines Obristen
2024,Jäger
2025,Sekretär (Starhembergisch)
2522,"Bischof von Fünfkirchen, Graf"
2524,"Botschafter von Spanien, Graf"
2028,Hofrat (brandenburgisch)
2029,Prediger (schwedisch)
2030,Verwalter
2031,Hofrat (speyrisch)
2032,Hauptmann (Dragonerregiment Batthyany)
2033,Gesandter von Kurbayern
2035,Kirche Maria Hilf
2036,Mühle
2040,Gesandter von Kurköln
2041,Kloster Berchtesgarden
2042,Dienerschaft des Fürsten von Taxis
2043,Postsekretär (ksl.)
2204,Regimentsrat (Littmoltisch)
3426,Schwarzhafnermeister
2047,Quartiermeister
2048,Legationsrat (kurpfälzisch)
2049,Leinwandhändler (hofbefreit)
2050,Karmeliterprovinzial
2051,Zimmermann
2052,Professhaus (ksl.)
2053,"Generalfeldmarschall, Prinz"
2054,Lusthaus (ksl.)
2055,Dienerschaft des Baron von Molsburg
2945,Resident (kurmainzer) in Frankfurt
2057,Stadtrichter
2058,"Ehefrau des Anton Zipper, Regimentsrat (nö)"
2059,"Kinder des Anton Zipper, Regimentsrat (nö)"
2060,"Dienerschaft des Anton Zipper, Regimentsrat (nö)"
2062,Salzniederlage Neufelden
2063,Armee im Reich (ksl.)
2064,Kavallerie (ksl.)
2066,"Oberstkriegskommisar, Graf"
2068,Postsekretär
2123,"Handschuhmacher, Bürger"
2070,Feldoffiziere
2072,Kriegskommissar
2073,Gesandter (päpstlich)
2074,Hofrichterin von St. Nikola 
2075,Gesandter von Modena
2269,Bancalitätsoffizier (ksl.)
2077,Augustiner (barfüßig)
2078,Referendar (Tiroler)
2079,Generalkommissar
2080,Predigerkloster
2081,Schmiedemeister auf der Post
2082,"Regimenter (ksl., neu angeworben)"
2083,Dienerschaft des Baron von Schmettau
2084,Marchand
2085,Hammerschmied
2086,Kommissar
2087,Seifensieder
2088,Rekruten (Aschacher)
2089,Kanzlist (Passauisch)
2092,Wachtmeister
2094,Gesandter von Holstein
2095,Dienerschaft des Grafen von Salerne
2099,Handelsmann
2100,Prälat von Schlierbach
2101,Untertanen (türkisch)
2102,Feldpater
2103,Dienerschaft des Generalfeldmarschalls Prinz von Hessen-Darmstadt
2104,Hofspital (ksl.)
2105,Hofmarschall (sächsisch)
3386,"Obristwachtmeister, Baron"
2107,Offizial (Passauer)
2108,"Obriststallmeister, Graf "
2109,Rat (kurbayrisch)
2110,General (Regiment Prinz Eugen)
2111,Kanzlist
2112,Abbe
3488,Karthause Prüll
2211,Infanterieregiment Graf Leopold Pálffy
2220,Kammerdiener des Grafen von Salaburg
2118,Herr (jung)
2119,Bindermeister des Klosters Reichersberg
2120,Markgraf
2121,"Kämmerer, Vizedom, Freiherr"
2122,Truchsess (kurbayrisch)
2124,Pilger
2125,Vizepräsident
2126,"Kommissare (geistlich, Passauer)"
2127,"Bergwerke (landesfürstlich, immediat)"
2128,Direktor des Geistlichen Rats (Passauer)
2129,Geheimer Rat (Kurpfalz)
2130,Hofrichterin
2131,Soldaten (verletzt)
2132,Familien
2133,Pfleger zu Pürnstein (verstorben)
2136,Prälaten
2138,Offizier (lothringisch)
2139,Hofkanzlei (Tiroler)
2140,Armee in Tirol (ksl.)
2554,Resident (kurkölnisch)
2144,Sensenschmied
2145,Soldaten (Regiment Prinz von Portugal)
2146,Tabakmanufakturoberamt (ksl.)
2147,Graf (mailändisch)
2148,Dienerschaft eines Prinzen von Hohenzollern
2150,Husarenregiment Graf Károlyi
2151,Pfarre
2152,Husaren
2153,Rat (kurmainzisch)
2632,Graf (welsch)
2155,Obristjägermeister (Passauer)
2156,Kurier (mainzisch)
2157,Leinwandhändler (unterschiedlich)
2158,"Domdechant zu Salzburg, Graf"
2159,Dienerschaft des Fürsten von Liechtenstein
2160,Dienerschaft des General Galbes
2161,"Weihbischof von Passau, Graf"
2162,Gesandter von Nassau
2163,Glasschneider
2165,Dienerschaft einer Herrschaft
2166,Dienerschaft des Botschafters (Frankreich) am Kaiserhof de Richelieu
2167,Regimenter (ksl.)
2168,"General, Graf"
2169,"Vizestatthalter der Spanischen Niederlande (ehemaliger), Marquis"
2170,Landschaftsbereiter 
2258,Leimsieder
2173,Infanterieregiment Graf Palffy
2174,Kassierin des Klosters Schlägl (ehemalige) 
2175,Reisende
2176,Gesandter von Österreich in Cambrai
2177,Offiziere (welsch)
2178,"Reichshofrat (ksl.), Reichsreferendar (geheim, ksl.)"
2179,Ehefrau des Grafen von Windisch-Graetz
2180,"Statthalterin der Österreichischen Niederlande, Erzherzogin"
2181,Kavaliere (bayrisch)
2182,Rat (sächsisch)
2822,"Kriegskommissar, Baron"
2184,Oberberghauptmann (ksl.)
2185,"Vizekönig (ehem.) von Neapel, Graf"
2186,"Ehefrau des Grafen von Daun, ehem. Vizekönig von Neapel"
2188,Dienerschaft des Fürstbischofs von Schönborn
2189,Prinzipalkommissar (österr.)
2190,"Regimenter (unterschiedlich, zu Pferd und Fuß)"
2270,Bäcker (unterer)
2319,Bruder des Gesandten von Hessen-Kassel
2193,Regimentsrat (ksl.)
2194,Brauhaus des Jungfrauenklosters zur Himmelspforte
2195,Hofrat (geistlich)
2198,Leib- und Stadtgarde (ksl.)
2199,Dienerschaft des Prinzen Eugen von Savoyen
2200,Hofkammerdirektor
3378,Hofrat (Schwarzenbergisch)
2202,Grießler
2205,Legationsprediger
2206,"Gesandter in Regensburg (ksl.), Graf"
2207,Offizier (Regiment Prinz Eugen)
2208,Reitschule (ksl.)
2209,Feldpostmeister (ksl.)
3567,Oberstlandesjägermeister (Oberösterreich)
2212,Geistliche des Klosters St. Nikola
2213,Husaren des Regiments Graf Károlyi
2214,Gemahlin des Grafen von Lodron
2216,"Infanterieregiment (ksl., maurillisch)"
2544,Hofrat des Generals von Seckendorff
2218,Schulmeister
2221,Oberjägermeister (ksl.)
3331,Probationshaus der Jesuiten (bei St. Anna)
2224,Botschafter von Florenz
2225,Barbier
2226,Untertanen (der Herrschaft Aschach)
2227,Hartschier (ksl.)
2228,Diener (fürstlich)
2229,"Bischof von Wiener Neustadt, Graf"
2230,Kavalier (niederländisch)
2231,Tochter der Gräfin von Colloredo
2232,Tiroler Agent
2233,Engelwirt
2234,Königin von Portugal
2235,Dienerschaft des Reichshofrats Justus Vollrath von Bode
2236,Armee in Italien (ksl.)
2237,Regimenter (ksl.) in den ksl. Ländern
2238,Hatschi
2239,Hafner (sämtliche)
2241,Soldaten des Grafen Hamilton
2242,Dienerschaft des Herrn von Bendenrieder
2243,Dienerschaft des Hofkriegsrats Kampmillner
2244,"Botschafter von Spanien, Duque"
2245,Hofmusiker (ksl.)
2246,Verwalter (neu)
2247,Apotheker (Stadt-)
2248,Infanterieregimenter (unterschiedlich)
2472,"Gesandter des Bischofs von Basel, Baron"
2250,Dragonerregiment D'Ollone (ksl.)
2251,Musikanten
2252,Sekretär des Postamts
2253,Ehefrau des Grafen Friedrich von Harrach
3441,Kapuziner in Linz und Urfahr (beide Klöster)
2256,"Dechant, Pfarrer"
2257,Kammerdiener
2260,Salzämter (ksl.)
2261,Legationssekretär
2262,Trompeter
2263,Kartäuser
2875,Offiziere (Herzog von Württemberg)
2265,Landmiliz (Tiroler)
2266,Salzeinnehmer
2267,Bergwerksämter (ksl.)
2268,"Kammerpräsident, Graf"
3375,Ehefrau des Moises Wolf Oppenheimer
2425,Deutschordenshaus
2424,Hofkanzler
2277,Ehefrau des Kammerdirektors (Passauisch)
2278,Dienerschaft des Kurmainzer Rats und Freiherrn von Gudenus
2279,Armenhaus
2540,Fasanengärten (herrschaftlich)
2281,Obersthofmarschall
2282,Ehefrau des Kanzlers von Prandroth
2283,Obristin
2284,Infanterieregiment Culmbach (ksl.)
2285,Gesandter von Kursachsen
2286,Festung Freiburg
2287,Graf (englisch)
2288,Bauschreiberin (verwitwet)
2289,Gesandter von Flandern
2290,Großkanzler von Mailand
2321,Gesandter des Fürsten von Lobenstein
2292,Stadt Enns
2293,Kloster Gotteszell
2294,Feldoffiziere (auf die Werbung)
2295,Pfarrvikar zu Steyr (ehemalig)
2296,Infanterieregiment Monteleone (ksl.)
2297,Reichshofkanzleiregistratoradjunkt
2298,Hofräte (kurbayrisch)
2299,Kloster Weltenburg
2300,Offizianten (unterschiedlich) im ksl. Hauptmautamt
2301,"Gesandter von Ulm, Hofrat"
2302,Konsistorialrat (Passauer)
2304,Lesekommissar (Salzburger)
2305,"Generaleinnehmer (niederösterreichisch, ksl.)"
2306,Oberpfleger von Eferding
2307,Dienerschaft der Fürstin von Liechtenstein
2308,Dienerschaft des Grafen Franz Wenzel von Sinzendorf
2309,Leseoffiziere (Salzburger)
2310,Hofkammerrat (kurbayrisch)
2311,Kloster Weihenberg
2312,Fourier
2313,Salzbeamter (ksl.)
2314,König von Portugal
2315,Prinzen
2316,Husarenoffiziere
2317,"Kommandant zu Kufstein, Graf"
2318,Abt des Klosters Prüfening
2320,"Leute (beschrieben, ungarisch)"
2322,L. J.
2324,Dienerschaft des Generals Wittorf
2325,Kloster Dürnstein
2326,"Hatschi, Untertan (türkisch)"
2327,Pfleger zu Schaunberg
2328,Bauern (Herrschaft Rannariedl)
2329,Prälat von Ettenheimmünster
2553,Hofsekretär
2331,Stadtschreiber von Passau
2332,Fruchthändler
2333,Feldoffiziere (aus Italien)
2336,Wirt in der Hofgasse
2337,"Dienerschaft des Jean Priuli, Botschafter von Venedig"
2338,Kloster in Bayern
2339,Dienerschaft des Generals von Nesselrode
2340,Sohn des württembergischen Gesandten von Schütz
2341,Ehefrau des Leb Neustadt
2342,Dienerschaft und Kinder des Leb Neustadt
2343,Klostergebäude
2344,Salzkammergut (ksl.)
2345,Wasseramt (ksl.)
2346,Piaristen (Josephinisches Kollegium)
2347,Schusterwirtin
2350,Offiziere (Regiment Fürst Taxis)
2349,Leute (bei der ksl. Feldapotheke)
2351,Wagenmeister des Husarenregiments Graf Károlyi
2352,Hofrat (Kurköln)
2353,Minister (preußisch)
2354,Husarenoffizier (ksl.)
2355,Soldatenhaus
2654,Reichshofrat (sächsisch)
2357,Hofmüller
2358,Husarenoffizier
2359,Adjutant (ksl.)
2360,Infanterieregiment Alt-Wallis
2361,"Kardinal, Bischof von Breslau"
2363,Dienerschaft des Grafen Lamberg
2364,Colonel
2365,Duc
2366,Dienerschaft der Gräfin von Windisch-Graetz
2367,Oberlesemeister (Salzburger)
2368,Klöster (bayrisch)
2395,Regiment Göldlin
2370,Gesandter von Baden-Durlach
2371,Hauptmann (Regiment Philippi)
2373,Kloster Gleink
2378,Kriegskommissariat (ksl.)
2379,"Söhne des Hofjuden (kgl., polnisch) Simon Wertheimer"
2380,"Diener des Hofjuden (kgl., polnisch) Simon Wertheimer"
2381,Rentschreiber (Passauer)
2382,Sesselträger des Prinzen von Lothringen
2383,Hafnermeister
2384,"Obrist (Regiment Alt-Württemberg), Graf"
2385,Dragonerregiment Althan
2386,Kürassierregiment Graf Lanthieri
2387,Wasenmeister
2389,Dienerschaft des Herrn von Mohrenfeld
2390,Infanterieregiment von Thüngen
2391,Hofrichter des Klosters Schlägl
2392,Hofjude (kgl. polnisch)
2393,"Diener des Hofjuden (kgl., polnisch) Wertheimer"
2394,"Söhne des Hofjuden (kgl., polnisch) Wertheimer"
2397,Kammerherr
2398,Niederleger
2400,Gesandter von Großbritannien und dem Kurfürstentum Braunschweig-Lüneburg
2401,Dienerschaft des Gesandten von Großbritannien und dem Kurfürstentum Braunschweig-Lüneburg
2402,Dienerschaft des Baron Vettes
2403,Arrestanten
2404,Fräulein der Gräfin von Payrsperg
2407,Hirschenwirt
2408,"Pascha, Untertan (türkisch)"
3604,Dechant zu Enns
2410,Scheidgarten
2411,Reichsgrafschaft Breitenegg
2412,Dienerschaft des Kardinals von Sachsen-Zeitz
2413,Fürstabt von Fulda
2414,Leute des Fürstabts von Fulda
2415,Bauleute (Passauer)
2416,Stückhauptmann (ksl.)
2417,Generalkriegskommissar
2418,Herrschaft Bergheim
2419,Markt Sarleinsbach
2420,Kaufmann (griechisch)
2421,Administrator zu Maria Taferl (ehemalig)
2428,Regiment Alt-Daun
2429,Buchführer
2473,Kriegsagent (ksl.)
2431,Kellermeister des Klosters Reichersberg
2432,"Gesandter von Modena, Bischof von Apolino"
2433,Dragonerregiment Batthyany
2434,Proviantadmodiationsbuchhalterei (ksl.)
2435,Offiziere der Proviantadmodiationsbuchhalterei (ksl.)
2436,"Geheimer Rat (Eichstätt), Baron"
2437,Dienerschaft des Gesandten von Kurpfalz Herr von Beckers
2438,Feldspital (ksl.)
2439,Universität
2440,Dienerschaft des General von Daun
2441,Tabakkommission in Mähren
2442,Offiziere (dänisch)
2443,Kurier des Herzogs von Wittenberg
2444,Offiziere (des Fürsten von Ansbach)
2445,Kürassierregiment Fürst Lubomirski
2446,Dienerschaft des Grafen Chiceri
2447,Dienerschaft des Freiherrn Schenk
2448,Dienerschaft des Gesandten von Kurpfalz Karl von Hartmann
2449,Dienerschaft des Baron Scharf
2450,Dienerschaft des Baron Döpl
2451,Proviantbäcker (ksl.)
2452,Ehefrau des Hauptmann Spraizer
2453,Stadtrichter zu Salzburg
2454,"Kammerherr (ksl.), Graf"
2455,Hofkammerreferendar (ksl.)
2456,Schabenrösselwirt
2457,Hauserwirt
2458,"Gesandter von Kurbayern, Freiherr"
2459,Dienerschaft des Hof- und Feldkriegsratsekretärs (ksl.) von Zenegg
2460,"Hofkriegsratssekretär (ksl.), Feldkriegsekretär (ksl.)"
2461,Herren (geistlich)
2462,Negotiant
2463,"Geheimer Rat (Kurmainz), Resident am Kaiserhof, Freiherr"
2464,Haus des Klosters Schlägl in Linz
2465,Bücherkommisar in Wien (ksl.)
2466,Prälat von Klosterbruck
2468,"Kutscherwirt, Bürger"
2469,Markt Aschach
2470,Markt Landshaag
2471,Hofbinder des Klosters Tegernsee
2474,Herren (welsch)
2475,Offizier (Regiment Prinz Modena)
2476,"Grafen (hannoverisch, jung)"
2477,Herrschaft (jung)
2479,"Gesandter von Burgund, Freiherr"
3186,Grenzfestungen (gegen das Osmanische Reich)
2481,"Dechant, Graf"
2482,Hofkavalier
2483,Diener
2484,Äbtissin des Klosters St. Nikola
2485,Dienerschaft des Grafen Colloredo
2486,Infanterieregiment Prinz Leopold Karl von Lothringen (Alt-Lothringen)
2488,Kavaliere (dänisch)
2489,"Regiment zu Fuß (kurbayrisch, in Ungarn gestanden)"
2490,Nestor
2491,Dienerschaft des Grafen von Perosa
2492,Marktrichter
2493,"Dechant zu Linz, Rat (geistlich, Passauer)"
2494,Gesandter von Löwenstein
2495,Pergamenter
2496,"Untertanen (der Grafschaft Waxenberg), (1652)"
2497,Erzherzog
2499,"Botschafter von Spanien, Marchese"
2500,Witwe
2501,"Botschafter, Graf"
2502,Kindsweib
2504,Mautbeamte
2505,Mautner zu Wien
2506,Binder (bürgerlich)
2507,Pfleger zu Wallsee
2508,Aufschläger zu Engelhartszell
2509,"Seiler, Bürger"
2510,Geheimer Rat (ksl.)
2512,"Geheimer Rat (ksl.), Graf"
2515,Kloster Zain
2518,Jungfrauenkloster
2519,Hofrat (Deutschmeisterisch)
2711,Dragonerregiment Graf Ulfeldt
2521,Legationsprediger (holländisch)
2559,Regiment Dietmayr
2560,"Botschafter in Frankreich (ksl., ehemalig), Graf"
2562,Markgräfin (verwitwet)
2564,Hofstaaten (ksl.)
2705,"Rat, Leibmedicus des Erzbischofs von Salzburg"
2566,Dienerschaft des Grafen von Schönborn
2567,"Monsieur, Rat des Fürsten von Thurn und Taxis"
3597,Augustiner in Graz
2569,Klosterbau der Kaiserin Amalia
2570,Hofmeister (Braunschweig-Lüneburg)
2571,Kloster Windberg
2572,Hofkontrolleur
2573,Tanzmeister (ksl.)
2574,"Gräfin, Vizekönigin von Neapel (verwitwet)"
2575,Dienerschaft der Gräfin von Gallas
2576,"Obersthofmeister, Fürst"
2577,"Kardinal, Prinzipalgesandter in Regensburg (ksl.)"
2578,"Minister (ksl. hoch), Räte (ksl.)"
2579,Zahlmeister (ksl.)
2581,"Pater, Prior der Serviten in der Rossau"
2582,Cameralkommissar in Bayern (ksl.)
2583,Graf (sächsisch)
2584,Oberkommissar in Bayern
2585,Kürassierregiment Graf Breuner
2586,Hofmarschall (passauisch)
2587,Generalfeldzeugmeister
2588,Regiment General (Baron) Regal
2589,Königliche Hoheit
2590,Kürassierregiment Ulfeldt
2591,Weinpropst von Freising
2946,Offiziere (fürstlich Esterházy)
2594,Dienerschaft des Königs von Dänemark
3562,Lustgarten (ksl.)
2596,"OÖ Geheimer Rat, Freiherr"
2598,Prälat von Lambach
2599,Prälat von Gleink
2602,Leute des Grafen von der Lippe
2603,Reichssekretär
2655,Gesandter von Hessen-Darmstadt
2605,Kanzler
2606,Direktor der Fabrik/Manufakturhandlung (ksl.)
2607,Schloss Aschach
2608,Regiment General Sell
2609,Baumeister
2610,Gesandter des Hochstifts Augsburg
2611,Prälat von Heiligenkreuz
2612,Frau Hauptmann
2613,Generaladjutant
2614,Botschafter von Venedig (außerordentlich)
2615,Offizier (des Herzogs von Neuburg)
2616,Kurier (welsch)
2617,Ehefrau des Kontrolleurs des Erzbischofs von Salzburg
2665,"Botschafter von Frankreich, Comte"
2619,"Kommandierender Generalfeldmarschall in Bayern (ksl.), Conte"
2620,"Kriegskommissar (ksl.), Graf"
2622,Jägermeister (ksl.)
2623,Magazin (ksl.)
2624,Lesemeister des Klosters Niederaltaich
2625,Leute des Stückhauptmanns von Ingolstadt
2626,Grafen (schwedisch)
2627,Soldaten (neu)
2628,Leseherr (Passauer)
2629,Leute des außerordentlichen Botschafter von Venedig Gio Delfino
2630,Leute des außerordentlichen Botschafter von Venedig Gio Francesco Morosini
2631,Serviten in Urfahr
2633,"Kardinal, Nuntius"
2634,Leute des Nuntius Kardinal Albani
2635,"Gegenschreiber, Bürger"
2636,Amtsglasermeister zu Gmunden
2637,Obermautamt (ksl.)
2638,Dienerschaft des General Bani
2639,Lederer (jung)
2640,Prälat von Fürstenzell
2641,Eminenz
2642,"Obrist (Pfalz-Neuburgisch), Graf"
2643,Postamt
2644,Diener des Joseph Oppenheimer
2645,"Feldmarschall, geheimer Rat (ksl.), Obrist"
2646,Spital
2647,Trabant (ksl.)
2656,Gesandter von Augsburg
2649,Kammerfurier (passauisch)
2650,Kloster St. Emmeram
2651,Herrschaft Schaunberg
2652,"Graf, Fürst"
2653,Prokurator der Karmeliter in Linz (St. Joseph)
2657,Leseherren des Stifts Berchtesgaden
2658,Sohn des Pflegers am Altenhof
2660,Diener des Fürstbischofs von Passau
2661,Leute des Grafen von Trauttmansdorff
2662,Metridatkrämer
2663,Blockhäuser (ksl.)
2664,Hofstaat der Herzogin Christine Louise von Braunschweig
2667,Kürassierregiment General Graven
2668,Statthalter von Amberg
2669,Servitenprovinzial
2670,Dragonerregiment Zinzendorf
2671,Küchenwirt von der Ranna
2672,"Bischof von Olmütz, Bischof von Osnabrück, Herzog von Lothringen"
2673,Ehefrau des Landeshauptmanns zu Linz
2674,Boten
2675,Stallmeister des Grafen von Waldstein
2678,Nadler
2679,Kürassierregiment Falkenstein
2680,Wagenmeister (ksl.)
2681,"Magazine (ksl.), Provianthäuser (ksl.)"
3445,Stockhaus
2684,Hafner (unterer)
2685,Ehefrau des Reichshofratsagenten Tobias Sebastian Praun
2686,Kürassierregiment Montecuccoli
2687,Kavalier (holländisch)
2688,Stift und Karthause Mauerbach
2689,Offiziere (des Fürsten von Kaunitz)
2690,Gesandter von Eichstätt
2691,Kloster Rohr
2692,Landstände des Landes ob der Enns
2693,Hafner in der Gasse
2694,Landmarschall in Niederösterreich 
2695,Kurfürstin von der Pfalz (verwitwet)
2696,Kürassierregiment Prinz von Neuburg
2697,Geheimer Rat (Kursachsen)
2698,Landhaus
2699,"Generalwachtmeister (ksl.), Kommandant von München"
2700,"Pater, Kapuzinerprediger"
2701,Hoffischer (ksl.)
2702,Offizier (welsch)
2703,Infanterieregiment Wachtendonk
2704,Filialmautner (ksl.)
2706,Hofmeister des jungen Grafen von Harrach in Salzburg
2707,Herrschaft Weidenholz (Kuefsteinisch)
2708,Apothekerin
2709,Buchhalter der ksl. Administration in Bayern
2710,"Domdechant zu Passau, Graf"
2712,Soldaten (Kürassierregiment General Falkenstein)
2713,Soldaten (Kürassierregiment Lobkowitz)
2714,Leute (arm)
2715,Ehefrau des Oberfaktor und Hofjuden (ksl.) Emanuel Oppenheimer
2716,Diener des Oberfaktor und Hofjuden (ksl.) Emanuel Oppenheimer
2717,Kinder des Oberfaktor und Hofjuden (ksl.) Emanuel Oppenheimer
2718,Ehefrau des Marschalls von Passau
2719,Porzellanfabrik (ksl.)
2720,Sägemeister
2722,"Kommandant zu Ingolstadt, Freiherr"
2723,Kriegskassenverwalter
2724,Salzinspektor
2725,Stadthauptmann
2726,Doktorin
2727,Bergwerksgewerken
2728,Kinder (jüdisch)
2729,Gerichtsschreiber
2730,"Stadelmeister (ksl., ehemalig), Zöllner (ksl., ehemalig)"
2731,Herrschaft Wallsee
2733,Ehefrau eines Kriegskommissars
2734,Ehefrau des Johann Koppenjäger
2735,Verwalter am Haag
2736,Pfalzgraf
2737,Hofjuwelier (ksl.)
2738,"Ehefrau des Johann Karl Garb, Hofjuwelier (ksl.)"
2739,Hafnerin (ehemalig)
2740,"Hofjuden (kgl., polnisch, kursächsisch)"
2741,"Personen (inkl. Ehefrau und Kinder) des Hofjuden (kgl., polnisch, kursächsisch)"
2742,Personen (inkl. Ehefrau und Kinder) des Hofjuden Ulmo
2743,Soldaten (Regiment Holstein)
2744,Regiment Holstein
2745,Leute der Generalin Köslbach
2746,Hofrichter des Klosters Erlach (ehemalig)
2747,Regiment Daun
2748,Leutnant (ksl.)
2749,"Bücherkommissar in Frankfurt, Rat (ksl.)"
2750,Soldaten (Regiment Harrach)
2751,Müller des Salzburger Domkapitels
2752,Vizedomamt (ksl.)
2753,Vizedomamtgegenschreiber
2754,Pfarrvikar zu Steyregg
2755,Kommissionssekretär (ksl.)
2756,Legationssekretär (Braunschweig-Lüneburg)
2757,"Präsentatus (ksl.), Baron"
2758,Leute der Gräfin von Althan
2759,Kloster Dornbach
2760,Kaufmannin
2761,Administrationsbuchhalterei
2763,Vikar
2764,Offizial
2765,Dienerschaft des Grafen von Burghausen
2766,"Gesandter von Dänemark, Graf"
2767,"Landgraf, Fürst von Hirschfeld"
2768,Sohn des Leb Rosenberg
2769,Diener des Leb Rosenberg
2770,Diener des Judas Schick
2771,Diener des Leb Brot
2772,Koch des Hirschl Pointiner
2773,Ehefrau des Isaak David
2774,Sohn des Wolf Elliz
2775,Sohn des Frischl Izeliz
2776,Diener des Samson Intiz
2777,Begleiter des Jakob Marcus
2778,Knechte des Moises Wertheimer
2779,Administrator zu Maria Taferl
2781,St. Peter
2782,"Oberkommissar (ksl.), Servicekassendirektor"
2783,"Koadjutor des Erzbischofs von Salzburg, Fürst"
2784,Proviantoffiziere (ksl.)
2785,Ballhaus (ksl.)
2786,Soldaten (Regiment Hermannstein)
2787,Regiment Hermannstein
2788,Bischof von Chiemsee
2789,Ehefrau des Freiherrn von Isselbach
2790,Dienerschaft der Ehefrau des Freiherrn von Isselbach
2791,St. Agatha (Filialkirche von Weidenholz)
2792,"Kammerrat (bayrischer), Kriegskommissar"
2793,Sekretär (Braunschweig-Wolfenbüttel)
2794,Karmeliterkloster
2795,Schiffsmüller
2796,Direktoren der Fabrik/Manufakturhandlung (ksl.) zu Regensburg
2797,Soldaten (württenbergisch)
2798,Büchsenmeister (ksl.)
2799,Leseherren (Passauer)
2800,Kloster Asbach
2801,Priorin
2802,Kloster St. Veit
2803,Dienerschaft des Fürstabts von Kempten
2804,Landgraf
2805,Kaplan bei den Siebenkirchen
2806,Administration (ksl.)
2807,Mautgegenschreiber
2808,Kommandant zu Freiburg
2809,Begleiter des Lebner Welsl
2810,Englische Fräulein
2811,"Graf, Bruder des Fürstbischofs von Passau"
2812,Proviantoffizier
2813,Sekretär des Hochwürden Joseph Spedazzi
2814,Ehefrau des Regierungssekretärs zu Burghausen
2815,Maurer
2816,Stallmeister des Grafen Leopold von Lamberg
2817,"Präsident des Hofkriegsrates, Graf"
2818,Dragonerregiment Louis Württemberg (ksl.)
2819,Werbeplatz (ksl.)
2820,"Kardinal, Fürst"
2821,"Damen (unterschiedlich), Kavaliere (unterschiedlich)"
2823,"Kardinal, Bischof von Passau"
2824,Offiziere (spanisch)
2825,"Obristwachtmeister (ksl.), Kommandant im Rentamt Burghausen"
2826,Dienerschaft des Generalkriegskommissars Mohr von Mohrenfeld
2828,Mautnerin zu Passau
2829,Frau Kriegssekretärin
2830,Haferkasten
2831,Verwalterin
2832,"Geheimer Rat (ksl.), Generalkriegskommissar, Graf"
2833,Kammerherr (ksl.)
2834,Geistliche des Klosters Fürstenzell
2835,Dienerschaft des ksl. Botschafters in Rom
2836,Botschafter (ksl.) in Rom
2837,Kinder einer Frau
2838,Husar
2839,Leute der Gräfin von Strasoldo
2840,Hoffischmeister (ksl.)
2841,Grafen (welsch)
2842,"Gesandter von Österreich in Regensburg, Regimentsrat"
2843,"Geheimer Rat (Kurpfalz), Graf"
2844,Kommandant (ksl.) zu Braunau
2845,"Gesandter (welsch), Kardinal"
2846,Rentamt (fürstlich Passauisch)
2847,Legationssekretär (kurkölnisch)
2848,Kavaliere (ksl.)
2849,Obermautner
2850,Personen aus Stroheim
2851,Ehefrau des Gesandten von Würzburg
2852,Brüsseler Bote
2853,Prinz (englisch)
2854,Sohn des Miret
2855,Herrschaftsgärten
2856,"Botschafter (ksl., verstorben) in Rom"
2857,"Domprobst zu Olmütz, Graf"
2858,Huterer (unterer)
2859,Tagwerker
2860,Raitoffizier der niederösterreichischen Buchhalterei
2861,Kaffeesieder
2862,Festung Oberhaus
2863,"Hofkammerrat (ksl.), Zahlmeister (geheim)"
2864,"Kardinal, Bischof von Olmütz, Graf"
2865,Herzog (jung)
2866,"Theatinerpater, Graf"
2867,Priorin des Cölestinerinnenklosters
2868,Botschafter
2869,Kavalier (ausländisch)
2871,Kirchenbau
2872,Herrschaft Dachsberg
2873,Marktkammer (1652)
2874,Erzbischof von Prag
2876,Corporis-Christi-Bruderschaft
2877,Hofräte
2878,Volontär
2879,Hofdiener der Königin von Portugal
2880,Dienerschaft des General Dingen
2881,Obristjägermeister (Württemberg)
2882,Dienerschaft des Generals von Fürstenberg
2885,Kellermeister des Herzogs von Württemberg
2886,Hofstaat König Karls III. von Spanien
2887,Graf (dänisch)
3469,Leute eines französischen Prinzen
2889,Falkner
2891,"Dienerschaft des Kardinals Fürst von Lamberg, Bischof von Passau"
2892,"Gesandter von Kurmainz, Freiherr"
2893,Kavaliere (des Fürsten Liechtenstein)
2894,Proviantbäckerjungen
3454,Geistliche des Stifts Seitenstetten
2896,Mautner zu Burghausen
2897,Hofkammerregistrator
2900,Kommandant zu München
2901,Regierungsrat (oberösterreichisch)
3452,Offiziere (des Fürsten von Liechtenstein)
2904,Regiment Podstatzky
2905,Gesandter von Holland
2909,Salzbeamter zu Gmunden
2910,Regiment General Harrach
2911,Kürassierregiment Franz Wilhelm Rudolf von Hohenems
2916,Infanterieregiment Daniel von Fürstenbusch
2914,Hofrichter von Altenhof
2917,"Kavaliere (jung, englisch)"
2918,"Kammerdiener des Erzbischofs von Salzburg, Ballmeister"
2919,Offiziere des Prinzen Emanuel von Portugal
2920,Rekrutierungsoffiziere
2921,Hofmeister (lothringisch)
2922,Wirtin
2923,Syndicus (Schwarzwälder)
2924,Propst von Ardagger
2925,Obristwachtmeister (Regiment Salm)
2926,Obristwachtmeister (ksl.)
2928,Regiment zu Fuß Guttenstein
2929,Kürassierregiment Reising
2930,Referendarin (verwitet)
2931,Dienerschaft des Herzogs von Lothringen
2932,Hofmeister des Fürsten Lobkowitz
2933,Hofkeller (hochfürstlich)
2934,Regiment General Porcia
2935,"Graf, Salzamtmann (ksl.)"
2936,Geheimer Rat (Kurköln)
2937,Pfarrkirche Spitz
2938,Baron (sächsisch)
2939,Schiffadmiral
2940,Pfleger von Atldorf
2941,"Regimentsrat, Freiherr"
2942,Miliz (ksl.)
2947,Franzosen
2948,Kapitelschaffner von Passau
2949,Verwalter von Aichberg
2950,Leute des Generals Pisani
2951,Engländer
2952,Obrist (Regiment Württemberg)
2953,Kürassierregiment Prinz von Savoyen
2954,Minister (kursächsisch)
2955,Kommandant zu Mirandola (ehemalig)
2956,Dienerschaft des Fürsten von Salm
2957,Pfleger von Hofkirchen
2958,Pfleger von Hals
2960,Regiment Starhemberg
2962,Herrschaftskasten (Aschach)
2963,"Hochwürden, Administrator zu Maria Taferl"
2964,Regiment Königsegg
2965,Hofstaat (kurbayrisch)
2966,Hofratsagent (ksl.)
2967,Erbprinz
2969,Amtmann in der Herrschaft Ulmerfeld
2970,Kurfürstin von Bayern
2971,Hoffiskal (ksl.)
2972,Reichsreferendar (ksl.)
2973,Prälat von Lilienfeld
2974,Prälat von Jimingfeld
2975,Apotheker (ksl.)
2976,Hofkammersekretär
2977,Geistlicher des Stifts Kremsmünster
2978,Pfarrkirche zu Enns
2979,Leute des Grafen Kinsky
2980,"Kommissarin, Frau"
2982,Dienerschaft des Grafen von Windisch-Graetz
2984,Oberwagenmeister
2986,Gotteshaus Pfarrkirchen
2987,Gotteshaus Hartkirchen
2988,"Generaladjudant, Rittmeister des Infanterieregiments Heister, Graf"
3558,Stift Kremsmünster
2990,"Postsekretär (dänisch, kgl.)"
2991,Rekruten (in Regensburg angeworben)
2992,"Hofjude, Kammeragent (russisch)"
2993,"Ehefrau des Samuel Simon, Hofjude und Kammeragent (russisch)"
2994,Diener des Moises Jitschin
3723,Pfarrkirche Hartkirchen
2999,Oberfaktor (ksl. und kgl.)
3000,Kurier (kurpfälzisch)
3001,Verwalter im Oberhaus
3002,Domdechant zu Salzburg
3003,Hofkriegskanzleivizeexpeditor (ksl.)
3004,Kommissariatssekretär (ksl.)
3006,Infanterieregiment General Plischau (ksl.)
3007,Gesandter von Hornstein
3008,Leute des Grafen von Hamilton
3009,Leute des Johann Franz von Vorburg
3010,Tischler in der Gassen
3011,Müller (unterschiedlich)
3012,"Reichsvizekanzler, Graf"
3013,Konvent
3014,Ingenieurhauptmann
3015,Herrn Werti sel. Witwe
3603,Dechant zu Krems
3545,Leute eines Proviantoffiziers (ksl.)
3018,Graf (böhmisch)
3019,Miliz (Siebenbürger)
3020,Wirt zum Weißen Lämpel
3021,Failbacherische Erben
3022,Administrationsrat (ksl.)
3023,Offizier (schwedisch)
3024,Kürassierregiment Fürst Lobkowitz
3025,Herr (gnädig)
3026,Leseherren (Salzburger)
3027,Leute des Gesandten von Preußen
3028,Kammerdiener des Grafen von Lamberg
3029,Vizedomamt
3030,Pfleger zu Sprinzenstein (ehemalig)
3031,Küffnerische Erben
3032,Husarengeneral
3033,Offizier (Regiment Daun)
3034,Offizier des Grafen Wahl
3035,Regiment Graf Croix (ksl.)
3036,Prinzen (lothringisch)
3037,Offiziere (des Fürsten von Dietrichstein)
3038,Prinzen (französisch)
3040,Pfleger von Linz
3041,Prinz (französisch)
3042,Hofrat (Esterházy)
3090,Hofmeister des Grafen Sinzendorf
3044,Dienerschaft des Baron Poll
3045,Schwiegermutter des Obristen De Morelli (Kürasierregiment Prinz Emanuel von Savoyen)
3046,Kinder des Obristen De Morelli (Kürasierregiment Prinz Emanuel von Savoyen)
3049,Dienerschaft des Fürsten von Fürstenberg
3048,Spanier
3050,Kapelle St. Johann
3596,Augustiner in Brünn
3052,Administrator im Breisgau
3053,Bauverwalter
3054,"Vizestatthalter, Baron"
3055,"Gesandter von Württemberg, Graf"
3056,Dienerschaft des Baron von Plettenberg
3057,Dienerschaft des Baron von Firmian
3058,Kapellmeister
3059,Dienerschaft eines Obristleutnants
3060,Dienerschaft des Grafen Khevenhüller
3061,Baukommissar (ehemalig)
3062,Hauptmagazin (ksl.)
3063,"Zahlmeister (ksl.), Baron"
3064,Barnabiten bei St. Michael zu Wien
3065,Landschaftssekretär
3066,"Botschafter in Lothringen (ehemalig), Graf"
3067,Offiziere (Regiment Prinz Eugen)
3068,"Generalpostmeister in Spanien, Marchese"
3069,Bürgerspital
3070,Ehefrau des Baron von Schell
3071,Direktoren der Fabrik/Manufakturhandlung (ksl.)
3072,Legationsprediger (schwedisch)
3073,Beichtvater des Frauenklosters in Linz
3075,Savoyarden
3076,Salzinspektor (ksl.)
3078,Botschafter (ksl.)
3080,Graf (polnisch)
3081,Gesandter von Moskau
3082,Kavalier (sächsisch)
3083,"Bürger, Kürschner"
3084,Goldarbeiter
3085,Dienerschaft des Hofrats von Fischer
3087,Pater Rektor
3538,Sägemeister (unterschiedlich)
3447,Gesandter von Hessen-Kassel
3092,Dienerschaft des Grafen Preißing
3093,Dienerschaft des Baron von Buol
3094,"Gräfin, Ehefrau des Landeshauptmanns von Oberösterreich (verwitwet)"
3095,Dienerschaft des Baron von Schwerling
3096,Dienerschaft des Baron von Rochowicz
3097,Offizier (französisch)
3098,Frau (herrschaftlich)
3099,Kellermeister (lothringisch)
3100,Diener des Hofjuden (ksl.) Wolf Wertheimer
3101,Offiziere (des Fürsten von Lobkowitz)
3102,"Kommandant von Ofen, Graf"
3103,Kommissar (Würzburger)
3104,"Wirt, Herr"
3105,Hofrat (Sachsen-Eisenach)
3106,Hofstaat (kurpfälzisch)
3107,Ehefrau eines Proviantkommissars (ksl.)
3108,Dienerschaft des Grafen von Gallenberg
3109,Dienerschaft des Barons von Ehrmann
3110,Generalproviantdirektoren des Schwäbischen Kreises
3112,Gotteshaus Waizenkirchen (abgebrannt)
3113,Hl. Dreifaltigkeitskirche zu Lambach
3114,Pfleger von Freizell/Marsbachzell
3115,Vormundschaft (Fürst schwarzenbergisch)
3116,Herrschaft Waidhofen
3117,Leute des Grafen von Rabach
3118,Kellermeister der Kaiserin (Witwe) Amalia
3119,Dienerschaft des Grafen von Taffe
3120,Hofstaat des Prinzen Eugen
3487,Passauer Haus
3122,Steinmetzen
3537,Diener des Jakob Mannheimer
3124,Reichsgrafschaft Ortenburg
3125,Hofkontrolleur (kurkölnisch)
3127,"Küchenmeister von Engelszell, Pater"
3128,Hofkellner
3129,Materialist
3130,Dienerschaft der Fürstin von Loisso
3131,Infanterieregiment Jung-Daun
3132,Mautner (neu)
3133,"Referendar, Freiherr "
3134,Lieferant (ksl.)
3138,Dienerschaft des Grafen von Taxis
3139,Dienerschaft der Gräfin von Rumpf
3140,"Sekretär des Fürsten von Liechtenstein, Herr"
3141,"Gesandter von Kurtrier, Geheimer Rat"
3450,"Hofjude (ksl.), Landesrabbiner"
3144,Dienerschaft des Grafen von Künigl
3146,Bischof von Brixen
3147,Weihbischof von Freising
3185,Hofkammerrat (würzburgisch)
3149,"Herzog, Gouverneur von Belgrad (verstorben)"
3150,Ehefrau des Landeshauptmanns
3151,Braumeister im Brauhaus (ksl.)
3153,Kriegsrat (kurbayrisch)
3448,Dienerschaft eines Gesandten von Hessen-Kassel
3156,Gesandter von Hamburg
3157,Ehefrau des Reichshofratsagenten (ksl.) von Praun
3158,Passauische Hofweingärten
3159,"Hofmusikdirektor, Graf"
3160,Weinhändler (bürgerlich)
3365,Infanterieregiment Graf Salm
3446,Markt Haslach
3163,Herrschaften des Fürsten Liechtenstein in Mähren
3165,Kaufleute (unterschiedlich)
3166,Geheimer Rat (Württembergisch)
3167,"Pater, Beichtvater (ksl.)"
3168,Regimenter (ksl.) in Ungarn
3169,Truppen (ksl.)
3170,Barbiergesellen
3171,Pfarrer und Dechant (Bistum Olmütz)
3172,Kinder eines Obristen
3173,Legationsprediger (dänisch)
3175,Dechant (verstorben)
3176,Ehefrau des Wolfgang Schlitt
3177,Kinder des Wolfgang Schlitt
3178,Ehefrau des Peter Augentaler
3179,Kinder des Peter Augentaler
3180,Pfarrkirche Reith
3181,Domprediger zu St. Stephan in Wien
3182,Dienerschaft des Obrist Witt
3183,"Obrist, Herr"
3188,Kellermeister (ksl.)
3559,Proviantkommissar (ksl.) in Bayern
3190,Dienerschaft des Generals von Dewent
3191,"Hofmeisterin, Frau"
3193,Dienerschaft des Barons von Piberer
3194,"Domherr zu Eichstätt, Baron"
3195,Dienerschaft eines Barons und Domherrns zu Eichstätt
3196,Großherzog der Toskana
3455,Grafschaft Tirol
3198,"Auxiliartruppen (kurbayrisch, in ksl. Diensten)"
3451,Offiziersfrau (ksl.)
3200,Offizier (polnisch)
3201,Fischhändler
3202,Stadtkämmerer
3205,Hofmeister des Prinzen Eugen
3206,Gesandter von Brandenburg-Bayreuth
3208,Dienerschaft des Grafen von Oettingen
3209,Regiment General Cordoba
3210,Jäger Millner
3211,Stallmeister des Grafen von Harrach
3212,Prälat von Baumburg
3213,Herr (geistlich)
3214,Hofgärtner des Grafen Alois von Harrach
3217,Regiment Battée
3218,Rekruten (neu angeworben)
3220,Prinzessin
3535,Husarenregiment Warthendank
3222,Dienerschaft des Grafen von Oettingen-Wallerstein
3223,Infanterieregiment Damnitz
3224,"Vizekönig von Neapel, Graf, Feldmarschall"
3225,Getreidekasten (Innerbergisches Kammergut)
3226,Kürassierregiment Prinz von Hanau
3227,Dragonerregiment Baron Tigl
3228,Hofweinzierl des Stiftes Raitenhaslach
3229,Hofstaat des Reichsvizekanzlers und  Fürstbischofs von Bamberg und Würzburg
3230,Hofstaat des Herzogs von Württemberg
3231,Ehefrau und Kinder des Georg Augustin von May (kurpfälzischer Kanzler)
3234,"Kommissare (geistlich, St. Florian)"
3235,Mautner zu Ybbs (ehemalig)
3236,Dienerschaft der Gräfin von Kuenburg
3237,Legationsrat (württembergisch)
3238,Bancal-Hofgubernium (ksl.)
3239,Obristquartiermeister (Regiment Württemberg)
3240,Dienerschaft der Generalin von Prötoizin
3241,Geistliche des Klosters Vornbach
3242,Dienerschaft des Baron von Weichs
3243,Regiment Alcaudete
3244,Ehefrau des Johann Franz Capellini von Wickenburg (Stechinelli)
3245,Stadt Wels
3246,Familie des Reichshofrats von May
3256,Kinder der 4 Bauern
3257,Ehefrauen von 4 Bauern
3258,Kolleg bei Sankt Michael in Wien
3262,Klosterjungfrau
3266,Proviantkommissare (ksl.)
3492,Holländer
3268,Kürassierregiment Cusani
3269,Dragonerregiment Graf Breuner
3270,Regiment Graf Schönborn
3271,Regiment Herzog von Bevern
3272,Kürassierregiment Moras
3273,"Generalfeldzeugmeister, Baron"
3592,Augustiner in Korneuburg
3275,Hofstaat des Kurfürsten von Mainz
3276,Prälaten (Kartäuser)
3277,"Hofrat (ksl.), Freiherr"
3278,Dienerschaft des Fürsten von Pfalz-Sulzbach
3279,Herzog von Troppau und Jägerndorf
3280,Offiziere (des Fürsten Wenzel von Liechtenstein)
3281,Leute des Kommissars (ksl.) von Schell
3282,Kloster zu St. Klara
3443,Proviantamt (ksl.)
3287,Offizier (des Grafen Starhemberg) 
3288,Gesandte am Reichstag in Regensburg
3289,Hofkanzleisekretär (Fürst Schwarzenbergisch)
3290,Schmied (unterer)
3291,Gerichtsadvokaten (Passauer)
3292,Brauhaus Löwen (landesfürstlich)
3293,Dienerschaft des jungen Fürsten Esterházy
3294,Bestellter der Herrschaft Altenhof
3295,Dienerschaft der Fürstin von Arenberg
3296,"Komitialgesandter (schwedisch), Fürst"
3297,Pfleger zu Altenfelden
3298,"Kriegsrat (ksl.), Baron"
3299,Dienerschaft der Gräfin von Cobenzl
3302,Frauenkloster bei St. Joseph in Wien
3304,Kommandant (Pfalz-Neuburgisch)
3305,Zeughaus
3306,"Gesandter von Württemberg, Geheimer Rat"
3307,Obristleutnant (Herzog von Württemberg)
3308,Leute des Weihbischofs von Passau
3309,Dienerschaft des Obristleutnant von Melini
3310,Pfarrhof Scheuring
3311,Dienerschaft der Gräfin von Khevenhüller
3507,Prälat von Ranshofen
3313,Prälat von Formbach
3718,Hofstaat der Königin Maria Theresia
3315,"Fräulein, Hofdame"
3316,Marktbrauhaus
3317,Dienerschaft des Grafen von Nesselrode
3318,Dienerschaft des Grafen von Plettenberg 
3319,Graf (preußisch)
3320,Dienerschaft eines preußischen Grafen
3322,Kanzler von Brixen
3323,Dienerschaft eines kurpfälzischen Gesandten
3324,Prälat von Tegernsee
3325,"Vizegouverneur der Spanischen Niederlande, Marquis"
3326,"Glaser, Bürger"
3327,Leute der verwitweten Generalin Dewentin
3328,Lederer (bürgerlich)
3329,"Ehefrau des Franz Sigmund von Lamberg, Gräfin"
3330,Gesandter von Speyer
3332,Kloster Au
3333,Hofkammersekretär (wirklich)
3336,Fahlbauern zu Gmunden
3338,Armaturverleger (ksl.)
3339,Hofkriegsratsagent (ksl.)
3340,"Doktor, Leibmedicus (ksl.)"
3341,"Oberstpostmeister, Graf"
3342,Pfleger zu Neuburg (ehemalig)
3344,Wirt im Steirerhof
3345,Kraxenträger
3346,Pfaffe (türkisch)
3347,Hauptmann (Dragonerregiment Brandenburg-Bayreuth)
3348,Hofstaat (Neuburgisch)
3349,Dragonerregiment (Wolffskeel)
3351,Hofgärtner (ehemalig)
3352,"Salzkammergut (oberösterreichisch, ksl.)"
3353,"Armee in Serbien (ksl.), Armee in Ungarn (ksl.)"
3354,Konsorte des Salomon Wertheimer
3355,Infanterieregiment Colmenero
3356,Geistlicher Rat (Passauer)
3357,"Tabakadministrator in Wien, Edler"
3358,Regiment Mölck (ksl.)
3359,"Dienerschaft des Grafen Colloredo, Prinzipalgesandter (kurböhmisch)"
3360,Hauptmann (Regiment Alt-Daun)
3362,Offiziere des Herzogs von Arenberg
3363,Generalleutnant
3364,Familien des Dominicus Marquard von Löwenstein
3366,Kajetaner
3367,Sekretär des Herzogs von Lothringen
3368,Dienerschaft des jungen Barons von Schmettau
3369,Baron (jung)
3370,Kavalier (reussisch)
3372,Kürassierregiment Herzog von Braunschweig-Wolfenbüttel-Bevern
3373,Offiziere des verstorbenen Grafen Mercy
3376,Diener des Moises Wolf Oppenheimer
3377,Glashütte des Klosters Schlägl
3380,Geistlicher des Stifts Engelszell
3382,Dienerschaft eines Hauptmanns
3383,Leute des Fürstbischofs von Würzburg
3387,"Geheimer Rat (Kurmainz), Freiherr"
3388,Dienerschaft des Herzogs von Arenberg
3389,Hofrat (Thurn und Taxis)
3390,Dienerschaft des Grafen von Reiss
3391,"Generalin, Gubernatorin von Mailand"
3392,"Soldaten (jung, auf Werbung)"
3393,Kriegssekretär (mailändisch)
3394,Prälat von Baumgartenberg
3395,Gräfin aus Bayern
3396,Salzbergstädte (Temeswarer Banat)
3398,Legationsrat (Braunschweig-Wolfenbüttel)
3399,Hofkanzler (oettingisch)
3400,Dienerschaft des Generals Leithrumb
3401,"Landgraf, Abt von Földvár"
3402,Dienerschaft der Gräfin von Werdenberg
3403,Spital des Klosters Tegernsee
3404,Festung
3405,Kapuzinerkonvente um Linz
3406,Truppen (bayrisch)
3407,Geistlicher (welsch)
3408,"Rat (kurpfälzisch), Freiherr"
3409,Dienerschaft des General Rideler
3410,Dienerschaft eines ksl. Offiziers
3411,Dienerschaft des Generals von Oettingen
3412,Dienerschaft des Prinzen von Hildburghausen
3413,Dienerschaft des Obristen von Seckendorff
3414,Dienerschaft des Herzogs von Württemberg
3415,Dienerschaft eines Kavaliers
3416,Dienerschaft des Grafen von Weissenwolff
3417,Verordneter
3418,Dienerschaft des Kurfürsten von Bayern
3419,Kinder des Kurfürsten von Bayern
3420,Herrschaft Gstöttenau
3421,Hofkavaliere (bayrisch)
3422,Reichsstadt Nürnberg
3423,Diener des Kammeragenten (russisch) und Hofjuden Samuel Simon
3424,Dienerschaft des Grafen von Hoheneck
3425,Dienerschaft des Grafen von Ulfeld
3427,Dienerschaft eines Gesandten von Sachsen
3428,Dienerschaft des Grafen von Praun
3429,Dienerschaft des Grafen von Tannenberg
3430,Amtsträger (Passauer)
3431,Dienerschaft des Grafen von Montrischier
3432,Sohn des Isaak Leidesdorf
3433,Diener des Isaak Leidesdorf
3434,Dienerschaft eines Grafen
3435,Dienerschaft des Bischofs und Grafen von Attems
3436,Dienerschaft zweier junger Grafen
3437,Dienerschaft des jungen Fürsten von Oettingen
3438,Herrschaften (unterschiedlich)
3439,Karmeliter (bei St. Joseph auf der Laimgrube)
3442,Familien (oberländisch)
3444,Schlosser (in der Unteren Gasse)
3456,Hofkeller (Passauisch)
3457,Obermauteinnehmer
3458,"Botschafter in Paris (ksl., ehemalig), Fürst"
3459,"Doktor, Bestellter des Klosters Niedernburg"
3460,Lohmüller
3461,Prinzen (hannoverisch)
3462,Leute der verwitweten Gräfin von Hamilton
3463,"Laufbrücken (ksl.), Schiffbrücken (ksl.)"
3464,Kavaliere (spanisch)
3465,Obristwachtmeister (Regiment Falkenstein)
3466,Bootsknechte (ksl.)
3467,Leute des französischen Prinzen de Dombes
3468,Grafen (französisch)
3470,Marchese (von Portugal)
3471,Leute eines Marchese von Portugal
3474,Franziskaner (Provinz Österreich)
3475,Salzinspektor (ehemalig)
3476,Armee (Prinz kurbayrisch)
3477,Jesuit (Laienbruder)
3478,Prinz (kurbayrisch)
3479,Büchsenmacher (sächsisch)
3480,Pfleger zu Riedau
3481,"Kommissar im Salzwesen (ksl., ehemalig), Graf"
3482,Hofmeister des Grafen Alois von Harrach
3484,Salzstadel des Marktes Haslach
3485,Geistlicher Notar
3486,Kavalier (spanisch-niederländisch)
3489,Intendant
3490,Prior des Klosters Schlägl
3491,Orte (unterschiedlich)
3493,Kurfürst von Trier (verstorben)
3494,Postmeister (kurtrierisch)
3495,Ehefrau des kurtrierer Postmeisters
3496,Kinder des kurtrierer Postmeisters
3497,"Gesandter von Braunschweig-Wolfenbüttel, Baron"
3498,Duca
3499,Oberststallmeister des Fürsten von Liechtenstein
3500,Dienerschaft des Johann Franz Capellini von Wickenburg (Stechinelli)
3503,Resident (lothringisch)
3504,Prälat von Metten
3505,Regiment Deutsch-Lothringen
3506,Generalwachtmeister
3509,Raitratssekretär (landschaftlich)
3510,Eisentürhof
3511,Kürassierregiment Fels
3512,Soldaten (Kürassierregiment Fels)
3514,"Hofjude (kgl. polnisch, kursächsisch)"
3516,Prälat von Baumgartenberg (1652)
3519,Schloss Mautern
3520,Herrschaft Freiling
3521,Herrschaft Ebelsberg
3523,Kind einer Postmeisterin (niederländisch)
3525,St. Agatha (Kirche)
3526,Herr zu Grub
3527,Frau zu Grub
3528,Kuriere (ksl.)
3529,Brauhaus des Landgutes Hagen
3533,Bergstädtische Kammer
3534,Infanterieregiment General Herberstein
3536,Agent (kgl. böhmisch)
3539,Stadt Linz
3540,"Proviantadmodiator im Hl. Röm. Reich, Kammerrat (Markgrafschaft Baden)"
3543,"Herr, d. Ä."
3544,Hofsekretär (geheim)
3546,Proviantoffizier (ksl.)
3547,Landschaftsbedienter
3548,Pulverwesen (ksl.)
3549,Gesandter von Kurböhmen
3566,Feuerwerker
3551,Agenter
3585,"Graf, Generalgouverneur zu Karlstadt"
3553,Königshof (portugiesisch)
3554,Pfleger zu Aichberg
3555,Benefikant zu Aschach
3556,Benefikant zu Berg bei Rohrbach
3557,"Monsieur, Tapessier"
3561,"Kanzler (böhmisch), Graf"
3563,Leute des Schwarzenburgischen Hofrats Panzer
3564,"Gesandter von Pfalz-Neuburg, Graf"
3565,Kurfürstin von der Pfalz
3568,"Hofdame der verwitweten Kaiserin Eleonora, Gräfin"
3569,"Kammer (geheim, ksl.)"
3570,"Hofmarschall (passauisch), Graf"
3571,Hofmeister (Harrachisch)
3574,"Prior der Dominikaner zu Wien, Frater"
3575,Dienerschaft des Grafen Harrach
3576,Reiter (Regiment Bärtl)
3577,Prior der barfüßigen Karmeliter zu Wiener Neustadt
3578,Pfleger bei St. Joseph
3579,"Offizial (Passauer, ehemalig), Graf"
3580,Diener der verstorbenen  Kurfürstin (von Bayern?) (ehemalig)
3581,Karmeliter auf der Laimgrube
3582,Gesandter von Regensburg
3583,Hofpräsident (ksl.)
3586,Geistlicher des Klosters Baumburg
3587,Prälat von Reichersberg
3588,Amt (ksl.)
3589,Gebäude des Stifts St. Florian in Kritzendorf
3590,"Gesandter in der Schweiz (ksl.), Graf"
3599,Barmherzige Brüder zu Wien
3600,Barmherzige Brüder zu Wels
3601,Bischof von Freising
3606,Dechant zu Kelheim
3607,Dechant zu Hartkirchen
3608,Dechant zu St. Nikola
3609,Dechant zu Donaustauf
3610,Dechant zu Sarleinsbach
3611,Dechant zu Aigen (am Inn)
3612,Dechant zu Schöfling
3613,Dechant zu Stockerau
3614,Dechant zu Berchtesgaden
3615,Dechant zu St. Florian
3616,Dechant zu Aschach
3617,Dechant zu Aichet
3618,Dechant zu Aufhausen
3619,Dechant zu Kempten
3620,Dechant zu Mautern
3622,Dechant zu Partenkirchen
3626,Dominikaner zu Krems
3627,Domkirche zu Pressburg
3628,Franziskaner zu Altötting
3629,Franziskaner zu Cham
3630,Franziskaner zu Eggenburg
3631,Franziskaner zu Grein
3632,Franziskaner zu Hainburg
3633,Franziskaner zu Hall
3634,Franziskaner zu Innsbruck
3635,Franziskaner zu Judenburg
3636,Franziskaner zu Kaschau
3637,Franziskaner zu Klosterneuburg
3638,Franziskaner zu Maria Enzersdorf
3639,Franziskaner zu Maria Lanzendorf
3640,Franziskaner zu Neuötting
3641,Franziskaner zu Neutra
3642,Franziskaner zu Ofen
3643,Franziskaner zu Passau
3644,Franziskaner zu Pressburg
3645,Franziskaner zu Pupping
3646,Franziskaner zu Raab
3647,Franziskaner zu Regensburg
3648,Franziskaner zu Rosenheim
3649,Franziskaner zu Salzburg
3650,Franziskaner zu Siebenbürgen
3651,Franziskaner zu St. Antoni
3652,Franziskaner zu St. Pölten
3653,Franziskaner zu Stadtamhof
3654,Franziskaner zu Steinamanger
3655,Franziskaner zu Stockerau
3656,Franziskaner zu Wien
3657,Franziskaner zu Ybbs
3658,Franziskaner zu Zistersdorf
3659,Franziskaner zu Neulengbach
3660,Franziskanerprovinzial (aus Ungarn)
3661,Franziskanerprovinzial (aus Polen)
3719,Gotteshaus Sämerneukirchen
3720,Gotteshaus Waizenkirchen
3721,Gotteshaus Perg
3722,Gotteshaus Prambachkirchen
3724,Pfarrkirche Eferding
3725,Pfarrkirche Walding
3726,Pfarrkirche Aschach
3727,Pfarrkirche Ottensheim
3728,Pfarrkirche St. Andrä (vor dem Hagenthale)
3729,Pfarrkirche Gramastetten
3730,Pfarrkirche Halbturn
