personenBezeichnungId,bemerkung
23,kayserlicher zuckerpacher
150,"Quelle: bediente, herrschaftl. bediente"
25,"kay. towakhambt, kay. towackh geföhl:ambt zu Wienn"
27,kay. secredario
32,frauen gräfin von Kuefstain
33,"officier, soldaten:officier, salthaten officier"
34,"kay. Schmölzwerkhs: factorambt zu Schwaz, kay. Perg und Schmölzwerkhsfactor:ambt in Tyroll, Kayl: Schmölzambt zu Schwaz, kayl: Berg und Schmölzwerckhs factor ambt in tyroll, kayl: schmölz werckhs factor ambt in tyroll"
137,Courier v. Haidlberg
133,"Lesung äußerst unsicher, könnte auch ""decronten"" heißen. 104 (1718) S 23."
149,höchfürstl. ganden zu Passau
43,2 Soldaten officier
44,Comedianten
46,herr dechant zu Linz
47,"recrouten, recrouten soldaten, soldaten recoruten"
136,kay. courier
51,"ord. N. poth, poth v. Niernberg, Niernberger pothen"
127,"Cavaglir, Cavaglier"
132,kay. obrist leithenant
56,Scheffman
57,hr. ober comissario in Linz
58,gewesster verwalther zu Weidenegg in Unterosterr.
61,Vilzhofen
66,maurer
67,"Weyhbischoffen zu Passau, Weichbischoff zu thuln, Weihbischof zu Thulln, hochfürstl. gnaden hr. Weychbischoff zu thuln"
135,"Coelestinger frauen:Closter zu Steyr, h: ordens annuntiäten clestinen in Steur"
69,Reichshofrath
70,"Closter Weichstephan in Bayrn
Zwar wird in der Quelle das Kloster Weihenstephan ein Mal auch in München verortet, jedoch muss es sich hierbei um einen Fehler des Mautschreibers handeln bzw. um eine Verwechslung mit dem Herkunftsort des Schiffführers."
73,Soldaten officier
131,"P.P. Dominicanern zu Wienn, Prediger Closter zu Wienn"
78,Claudi Cleer [?]seel. Erben
79,herrsch. dienstdyrn
82,Geistl.en
83,Chur:bayr:Soldaten haubtman
84,Innerberger Haubt Gwerkhschafft der Stachl und Eisen:handlung zu Steyr
105,handwerckhs leithe
106,Herr Pfleger von der Rännä
107,Secretari
111,Schwedischer gesandter
112,Pothen so d.[as] H.[eilige] öhl in Passau gehold
152,ain dombherr
155,obrist Hofcanzer
156,"kay. pau:ambt zu Wienn, kay. hofpau:ambt zu Wienn"
157,"verwalther zu Sprinzenstain, verwalther zu Prinzenstain, verwalther v. Sprinzenstain"
160,"ModenEst. Courassir Rgt.
Regiment des Johann Friedrich Modena d'Este.
prinz Modenaische regt. zu pferd."
161,Venetischer Pottschaffter am kay. hoff zu Wienn
162,referendario
163,Statt Camer:ambt Passau
164,Closter Seissenstain
165,zum Closter gepäu nach Pupping
166,unter österr. cassarmen
167,junge Baron
168,pfleger v. Obernberg
169,"Closter Schlögl, Closter Schlegl, Closter Schlägl"
170,Sachs. Gesander am kay. hoff zu Wienn
174,domb Capitl zu Passau
175,Pistumb Freysing
176,Peyre Puerie et Comp.
177,Engllendischer gesander
178,"Kürchfarter Leithe, Kürchfarten, Wohlfarther, Kirchferter"
179,P. P. Hieronimitaner zu Münichen
180,"Lucessisch. abgesander, Luches. gesander"
182,ain Passauer. hofrath
183,herrschafftl. officiere
184,"berg knapn, bergwerckhs knapen"
185,kay. hofkeller
186,"Partheyen
Evtl. heißt das nicht, dass die Ware von 19 Kaufleuten stammt, sondern in 19 Partien untergliedert ist"
187,florentinischer gesander
188,P. P. Carmelitern zu Raab
189,churfürstl. trier. legations secretary
190,aine gdig. frauen
191,frankh. leithe
192,ain officier v. Stahrmberg. Regiment
193,kay. cammerdiener
194,buechbinder
195,"jesuitern, collegium soc. jessu, p. p. jessuitern, collegium soc. jessu "
196,Soldaten:Cassarnen
197,ain Courier
198,hafner weiber
199,dem Sailler
200,Wohlfarthern
201,Bayern
202,Closter Reichensperg
203,Closter Sumb in Bayern
204,"Stifft Bertlesgaden, löbl. Stüfft und Closter Pertlsgaden;
[beides = Fürstpropstei?]"
205,O:Ö: Hofcammer Rath
206,kay. Regiments Rath zu Yhnsprugg
207,Capuciner
208,ain Prinz
209,"böhamb. gesander, chur böhaimb. gesandter"
210,Paron
211,"kay. deputations:canzley, kay. ministerial banco deputations:canzely"
212,Pr. flosman
213,Medico
216,"Orsse, Orsset."
217,obrist Jägermaister zu Yhnsprugg
218,Cavaglier
219,Reichshofraths Secredario
220,"trauthsohn. Regiment zu fuß.
Johann Carl von Trautson zu Falkenstein.
"
222,"barmherzige, barmherzige brueder, fratrum misericordae"
223,kay. reichs postm.
224,Nunenfrauen
226,4 herrn
227,2 junge hrn.
228,Johann Aichingers wittib
230,Abbate
231,toscanischer gesander
232,"Apadecker, Apadekher"
234,h. mautt:ambts verwalther
235,"im Orginal (1718, S. 34)""hiesiger h. pfleger"""
237,"zu unser lieben Frauen,
Liebfrauenkapelle"
239,Closter Englzehl
240,Hr. Reichshofrath
241,kay. Principal gesander zu Regenspurg
242,ainem fleischhakher
243,H. Doctor
244,bekh
245,"kay. falckenierer, kay. falkhenierer, kayl: falckhenierern, kay. falckhenierer"
248,eichstätt. gesander
250,verwittibte fr. frauen gräfin
251,ain General
252,ain Passauer. Hofcammer Rath
253,Churfürstl. bayr. Legations Secredario
254,Erzbischoff zu Grän
255,Chur Pfalz. Secredario
256,kay. hof:Camer und Bibliothecc
257,Hrn. grafens v. Schönborn officier
258,zway hr. Doct.
259,Closter Monserat
260,kay. veterani. courassier regiment
261,zur kay. Statt Linz und selbigem Magazin
262,fürstl. Liechtenstain. officier
263,frauen Closter
264,"General Rabuttin. Dragonner Regt., General Rabutinisches dragoner Regiment"
266,Englenderischer Courir
267,"Vehlische[s] dragoner Regt., Graf Vehlisches dragoner regt.
Alexander Graf Vehlen."
268,Cardinal
272,"Poth v. Minichen, ord. Poth v. minichen"
275,"Closter Alderspach, Alterspach"
278,Jungfraun Closter Nidernburg in Passau
281,"Prinz Franz Lothringische Reg. zu fueß, jung lothringisches regt."
284,2 Cavaglir
288,ainem Mühlner
289,der drey kay. hofstatts notturfften; zur kay. hofstaats:nottuerfft; zur kay. hof livree; zu behueff und beyschaffung der kay. statt und compag. livrey
290,"völlig unkar, könnte auch die Ladung sein!"
291,kay. Reichshoff Canzley tax:ambt
292,ain chur bayr. proviantmaister
293,ain kay. hofrath
294,"kay. fabrique zu Linz, fabrique [zu] Linz"
295,Ihr hochfürstl. gnaden zu Augspurg
296,Chor Stüfft Herzogburg
297,kay zu Linz campirente Miliz
298,ain haubtman
304,kay. universal pancalitet zu Wien
305,freyherrn v. Sternbach (...) leeder:fabrica in tyroll; leeder fabrica im Tyroll zu Mihlau/Milan?
71,Administrator von Englzehl
306,ain Preuss. Cavaglier
307,burgerschafft
309,bilder:handler
311,ain glokhen giesser
312,ain welscher Cavoglier
313,hr. ambtsschr. zu Marsbach
315,ain Jesuiter
316,Carmeliter zu Regenspurg
317,kay. haubt mauth:ambts:gegen:handler
319,Closter degern See
320,gmainen Marckts:Preuhauß
321,Ihro Durchlaut und Fürsten v. Kempten
322,kay. rittmaister
328,borreith. dragoner Regt.
340,Hannover. Courassir Regiment
341,Nadasdische Husarn Regiment
343,ainem gesanden
346,breumaister
347,"Erzstifft Salzburg, Hochstüfft Salzburg"
348,thombherr zu Augspurg
349,Niernberger. gesanden
350,Prandenburg. abgesanden zu Regenspurg
351,Hr. Pfarer zu Klainzell
352,Mauern
353,"kay. Maud.:ambt Stain
Lesung unsicher"
354,"Jungfrauen Closter Nidernburg zu Passau
Benediktinerinnenabtei in Passau
Jungfraun Closter Nidernburg in Passau
löbl. Closter Nidernburg zu Passau"
355,oberlendische leith
356,Pfarer zu Kürchberg
358,zway burgern
359,Pfarer zu Kelberg
363,Baron v. Petenrieders sel. Camerdiener
364,"principal:abgesander zu Regenspurg, kay. principal gesander zu Regenspurg"
371,N. tuechmacher handwerkh
376,"ain(em) beck(en), ainem päckhen"
377,3 Juden Persohnen
381,"kay. towakh:ambt, kay. towakhambt, kay. towackh geföhl:ambt"
382,alhisig Salz:Niderlaag
383,landtshaager. Salz:Niderlaag
384,Steyrer Poth(en)
385,ein wexlherr
386,"kay. kupfer Administr., key. kupfer und könig. böhamb. geföhl attministrator, kayl. Neusoller Kupfer:Administradorn"
387,Würthe
388,Closter St. Nicola vor Passau
389,Capuciner zu Passau
390,etlich wein:hauern in Unteroesterr.
391,"Passauer. Löss:officier
Gemeint sind die Aufseher über die Weinlese"
392,Scheffmaister
393,"Closter Nunberg in Salzburg, frauen Closter Nunberg in Salzburg"
394,Salzburger hr. lös:Comissarien
395,Raithenhaslach in Bayrn
396,Closter Paumburg
397,Closter Sean
400,pöckn jungen
401,Es dürfte sich dabei eher um Schiffsleute handeln und nicht um den Schiffstyp der Galliote selbst.
405,mauthzetl ohne nahmen
406,"Esterhasische Husarn Regiment, löbl. Graf Esterhasisch Hausarn Regt."
417,Doctor
420,"zwei huederer alhier, burger"
421,dafl:decker
423,margetanter
427,Hofmaister bey Ihro Durchlaut dem Herzog von Praunschweig
429,aine Gräfin
430,Closter Fürstenzehl
431,"Canoicat. Stifft St. Andreae in Unter:Österr., Closter S. Andrae in unter:österr."
440,Closter Neustifft in Bayrn
441,P. P. Carmelitern zu Linz
442,Praelath zu S. Nicola
443,Obrist Leitnant untern Württenberg. Regiment
444,Ober Comissario aldorth (v. Linz oder v. Neuhaus)
445,Hr. Richter zu Kapl
449,Capuciner zu Wels
451,ainem Rosshandler
452,Closter Lambach
454,500 Man Saldaten v. Thaunischen Regt.
455,"nichtganz sicher ""preuwaickh"""
457,zum Preuhauß nach Neufelden
458,Graf Sprinzenstain. Preuhäuser Neuhauß und Liechtenau
462,Closter Nideraltach
466,Preuhauß Pührnstain
467,Studenten
468,P. P. Capuciner zu Mildorff in bayrn
469,Excell. Marches 
470,2 Jesuiter
471,Vice Statthalder zu Wienn
472,obrist hofmaister
473,Lothringisch. abgesander zu Wienn
476,zwy würthen
477,Hoff Dama
478,Praunschweig. abgesander zu Regenspurg
481,öster. gesander zu Regenspurg
482,Passauer. verwalther zu Pokhstall in Unter Öster.
483,"aine kaufmans frau, aine kauffmanin"
501,Capuciner auf dem Maria Hilfberg zu Passau
485,"Closter Michael Peyrn im Erzstifft Salzburg, Michael Peyrn in Bayrn, Closter Peyrn, Closter Peyrn in Bayrn, Closter Michael Peyrn, Closter Michael Peyrn in Salzburg, Closter Michael Peyrn in Bayrn"
486,Capuciner zu traunstain
487,Capuciner zu Burghaußen in Bayrn
488,Closter Oserhofen in Bayrn
489,"kay. Reichsreferendarius, kay. reichshof referendarius"
490,"Capuciner zu Wienn, P. P. Capuciner bey S. Ulrich in Wienn"
491,"kay. obrist leutnant, kay. obrist leithenant"
502,Capuciner in herundern Closter zu Passau
503,"Jungfrauen Closter St. Bitterich in Minichen, Closter des Pitterich Reglhaus bey St. Christoph in Minichen, Frauen Closter bey St. Christoph in Minichen, löbl. Stüfft und Fraun Closter Reglhaus bey St. Christoph in Minchen"
504,Capuciner zu Laufen
505,Capuciner zu Linz im Weingarten
506,hh. mautt:beambte zu Linz
507,welischer Prinz
508,Jessuiter in Passau
509,Closter Wihlering
510,Cononico bey St. Stephan in Wienn
512,Preuhaus Altenhoff
513,gewester kay. plenipotentiary zu Soisson sel.
515,"grafen, thombherrn zu Salzburg"
517,hofliferant
518,"brinz Eugenisches Regiment, Prinz Eugenisch dragoner Regiment"
519,herrschaft Pührnstain
520,ain Passauer. officier
521,zway bökhen
522,königl. pohlnischer ober factor und jud
523,Marches (...) obrist uber ein Regiment
524,P. P. Pauläner
525,Pfarer in der Leopold Statt zu Wienn
526,kay. regiments:rath
527,"Closter Gäming, Stüft und Closter Gäming"
528,die nach Neapel und Sicilien abmarschierente recrouten
529,Preuhaus Langhalßen
530,Cononico bey S. Stephan in Wienn
531,kriegs Comissari in tyroll
533,hofraths agent
534,Pfarer zu Regenspurg
535,königl. pohlnischer Kuchlmaister
536,bevolmächtigen gesanden bey dem fridens:Congress zu Soisons
537,ainem Stainmezen
538,hr. verwalther alda [= Landtshaag]
539,Reichs hoff Canzelist
540,Closter Inderstorff in Bayrn
541,junger graf
542,Leithenant
543,Closter S: Andrae in Unter Oesterreich
544,ingenieur obristwachtmaister zu Belgrad
545,50 man Maurer und Stainbrecher
103,Chur Pfalz. Gesander zu Wienn
424,Churfürstl. Neuburger. abgesander zu Wienn
546,Niernberg. secredariy
547,Uberreither
548,Kriegs Secredary
549,französ. abgesander
552,mit ainem Profincialn
555,"hochfürstl. gnaden bischoff zu bamberg, bischoff zu Pamberg und Würzburg"
556,officiere v. brinz Lothring
557,aine Juden Persohn
559,"dermahlig königl. böhamb. gesander zu Regenspurg, böhamb. gesander zu Regenspurg"
560,juden persohn
561,oxenwürth
562,P.P. Paulaner in Minnichen
565,"ksl. Hofkammer-, Hofkriegsrats- u. nö Regierungskanzlei"
569,ain Geistl. v. Closter Alderspach
570,"Pothen so das heyl. öhl in Passau gehold, Pothen so d.[as] H.[eilige] öhl in Passau gehold"
572,kay. Reichs:Canzley
573,Courier aus Prissl
574,underschiedliche ordens:geistliche
575,"freule, freille"
577,bischof zu Seggau
578,ain Praelath
581,inhaber der graffschafft Neuburg am Yhn
582,poz knechtn
583,gewester kays. salzmayr in Tyroll
584,kay. officier
586,ain kay. kriegs:Comissarij
587,"Parmeß. gesander, Inviato di Parma"
588,ain würth
589,"Ihro Gnaden Herr Erzbischof v. Valenzien [Antonio Folch de Cardona, O.F.M. (1700–1724)]"
595,Churfürsten v. Kölln
599,ain kay. Courier
600,königl. spänischer bottschaffter
604,Teutsch Herrn
606,2 Salzburger. thombherrn
607,frau Reichshoff Agentin
608,Thombh. zu Passau
610,"francisscaner zu Lanzendorf
Niederösterreich"
611,P. P. Jessuiter zu Wienn bey S: Anna
624,ain glashitten maister sambt seinen leithen
629,ain Wolfenbittl. hofrath
630,kempt. hofrath
632,Closter diernau in Hungarn
633,"ain Polnischer Cavaglir, bollnischen Gabelier"
634,Pfarrer zu Pichl
636,frau Löschenkohlin sambt ihrem kindern
645,ain Wienner. kaufman
646,ain kay. obrist
647,Statt Banco haubt Cassa:Canzleyen
1642,Statt Pfarer
648,"P. P. Parfiesser ordens der allerheilligsten dreyfaldigkeit v. Erlösung der gefangenen Christen zu Preßpurg (Trinitarier). Alternative Quellenbezeichnung: P. P. Trinitaren in Presspurg.
Vgl. Elisabeth Pauli, Der Orden der Allerheiligsten Dreifaltigkeit von der Erlösung der Gefangenen und seine Tätigkeit in den habsburgischen Ländern (1688-1783). In: Heidemarie Specht, Ralph Andraschek-Holzer (Hg.), Bettelorden in Mitteleuropa – Geschichte, Kunst, Spiritualität. St. Pölten 2008 (Beiträge zur Kirchengeschichte Niederösterreichs 15), 133-164."
649,an das löbl. Closter Neuberug (Klosterneuburg?)
650,"Closter Steyrgärsten, Kloster Steurgärsten"
651,Johann Christoph Löschenkohls seel. Erben
652,Reichs:hofrath Graf
653,Graf Röderischer Hausmaister
654,Graf Lamberg. Inspector
655,3 Wienner. kaufleith
657,florianer geistl.
659,Margraff Durlach:badische Reg. zu fuess
663,"eigentlich ""hochfürstlich salzburgisch"""
664,50 Persohnen Oberlender Leithe
665,ain Passauer. Pfleger
669,ain geistl. v. Closter Reichersperg in bayrn
670,"underschiedliche Clöster, Wienn, Ulmiz und Hungarn"
671,4 persohnen
672,kay. hof apadecker
673,dessen leith
674,ain Provincialen francisscaner
675,Camer director alda
676,domb vicarius zu Passau
677,Churfürstl. hof (...) minichen
681,franciscaner Provincial
684,"Baron Reichshofrath, Reichshofrath Baron "
685,kay. Principal gesander zu Regenspurg
686,Passauer. hof:dierector
692,mit des Jungen Grafens v. Harrach dombherrn zu Salzburg seinem hofmaister
693,hochgräfl. Excell. hrn. Landtshaubtman zu Linz
697,abgedankhte Soldaten
702,Saildanzer
703,löb. quilisches Regt.
705,"""hiesige herrschafft""; evtl. auf Harrach ändern?"
707,aine Praut:Persohn
716,2 Carmeliter
717,Augustinger beym heyl. bluet zu Corneuburg
718,ain kay. Rittmaister
720,Erzherzogen
721,Pfleger alhier
730,Cordovaische Courassier Regt.
731,hochfürstl. Gnaden zu Aichstett
732,ain Glastrager
737,Closter Waldhaußen
738,ein krankher kaufmans:dienner
739,P. P. Capucciner zu Crembs
740,P. P. Carmeliter zu Wienn
746,hr. hofrichter zu Englzehl
748,Collegium Societatis Jehsu zu Linz
749,Wolffenbitt. gesander
750,"Passauer. hofcamer:director, camer director"
753,ain kay. haubtman
755,Pfarer in der Leopold Statt zu Wienn
758,hochenzohler. Courassier Regt.
760,Vlmizischer dombh.
761,"sehr unsicher - Titel oder Name, alles gekürzt"
762,Closter Reichensperg
763,"Closter Vormbach, Closter Fornbach, Closter Varnpach"
764,hochfürstl. Stifft Freysing
765,"Plakhenmillner, Planckenmillner, Plankenmillner, von der Plankenmill. 
Die Plankenmühle war eine Mühle in Neufelden (OÖ)."
766,Erzbischoffen zu Wienn
767,freule
769,Schloßpfleger zu Linz
772,Excell. Päbstl. Nuntio
773,ainiche herrschafften
774,gewesten hr. pfleger zu Obernzehl
775,zway binder
776,Closter Salvator
777,"Salzburger. Gesander, hr. Graf"
778,hochstift Bertholsgaden hofbinder
779,Stahrnberg. Regent zu Wienn
780,des verstorbenen hr. Pflegers zu Pihrnstain seel. hinderlassenen Erben
782,domb Capitularen zu Ulmiz
783,hochfürstl. fürstenberg. officiern
784,würthe
785,verwittibten Röm. Kayserin Amalia aigner hofstatt
788,Praelath des Closters Montserat in Wienn
792,Preuhaus Lembach
793,ain Marques
796,=Innerberger Hauptgewerkschaft?
798,ainen Gastl
799,Sachsengott. Gesander zu Wienn
801,"baron, kay. obrister"
802,pr. Schöff: und Kauffmans Guett
804,"Fürst v. Bamberg und Würzburg etc.
Reichs hof:vice Canzler, fürst und bischoff zu Bamberg und Würzburg
Gemeint ist Karl Friedrich von Schönborn"
805,preyßl: hoffkriegsrath agenten
806,liechtenstain: Dragoner Regiment
808,2 Baron
809,aine officiersfrau
810,Benediktinerinnen und Karmelitinnen wären in Neubrug an der Donau möglich.
812,"chur mainz. hofrath, mänssischer hofrath"
813,buechbinder in Linz
814,ain Passauer. Conselist
815,bettl weib
816,Reichshof:fiscal
821,zwayen manern
826,Liegt im Bezirk Rohrbach im Oberen Mühlviertel/OÖ.
831,Capitular zu St. blasien dermahlen zu Wienn
832,ain fürstenberg. hofrath
841,P. P. Serviten in der Rossau zu Wien
843,obristhofcanzler
844,Stadtrichter zu Ybbs
846,Controlour [?] bey Ihro dhr. Prinz Eugenio
847,"Jenoes. gesander., Jenaescher abgesander, jenoes. abgesander, jenowess. abgesand."
848,ain lebzelter
849,ainem gnedig hhrn:
853,"kayl: haubt mauttambt, kay. mauttambt Wienn"
857,hochfürstl. Pau:ambt zu Passau
858,herrschafft Gneissenau (1634-1767: die Grafen Fieger zu Gneisenau)
171,chur:mainzisch. gesander
860,etlich wein: würth
861,Capuciner Provincialn
15,ein Weib
866,Ihro hochfürstl: dhrl: Prinz Eugenio v Savoia .pp: und Ihro Excell: HH: Grafen v Schönborn .p.
867,kayl: towackh administraoni: ambt zu linz
868,Mauttzetl ohne Underschrüfft
872,franzosl: Pottschafter
873,Kayl: Schmölzambt zu Schwaz
874,"underschiedliche Clöster nah Wienn, Hungarn und Mährn, underschiedliche Clöster Wienn, Hungarn und Mährn"
881,Pralathen zu Mölckh
882,50 persohnen oberlendischen leith
883,Lesung unsicher
885,Lesung unsicher
888,Kloster Seittenstötten
820,"Prinz Ferdinand bayr. dragoner Regiment.
Ferdinand Maria Innozenz Joseph Michael von Bayern, ksl. Generalfeldmarschall"
898,Cononico
909,Closter Peyrn in Bayern
911,"kay. Academisches Collegium Soc. Jesu, Academisches Collegium zu Wienn, kay. und acad. collegio in Wienn"
912,Passauer. official
928,Lesung unsicher
930,ain Sachs. Prinz
932,Preysgau. gesander
933,Fürst Schwarzenberg. Stallmaister
934,Capuciner Provincial
938,ainem romäner
939,"frauen referendarin, frauen referendario"
941,kayl: Berg und Schmölzwerckhs factor ambt in tyroll
945,Praelath zu Wihlering
923,Alcandete Regiment zu Fuß
947,"Offlisches Courassier Regt.
Kürassierregiment Nr. 14; Inhaber Ludwig von Offeln (Uffeln)."
955,Alcantetisches Courassier Regt.
958,kay. ministros
747,Savoisch. gesander
967,kay. paumaister
968,spänischer secretarius
970,Chur:Cöln. Agent
973,6 familien oberlend. leithe
974,Thomhhr.
975,"""ksl. n.ö."" Regimentsrat"
979,welsche leith
980,2 junge Cavaglier
983,kay. residenz canzley
918,"kay. Reichs:Canzley, kay. Reichs:hofrath:Canzley"
987,gewester Pfarrer
988,3 Englendische Cavaglier
989,kay. feld artiglerie
990,Caplan in dechätshoff zu Linz
991,kay. artigleria
992,herrschäfftl. bediente
993,ain Courier aus Lothring
994,deß brinz Friderich v. Württenberg. seinem hr. Hoffmaister
995,kay. soldatesca
996,P. P. Carmeltier zu Skaliz/Staliz (?) in Hungarn
998,Praunschweig. gesander
999,Praelath zu Markhtall
1000,dechant zur hartkhürchen
1001,Bischoff
1002,P. P. Capuciner zu Minichen
1005,florentischischer abgesander
1006,kay. officier
1007,Passauer. Statt:Sindicus
1010,Rosshandler
1012,hochzeith leithe
1013,hochfürstl. camer zallmaister zu Passau
1020,ain commisssarius
1021,Ihrer Dhr. Prinz Alexander v. Württenberg bedienten
1022,hutterer
1023,Kupfer Schmid
1024,Gschmeidler
1025,Träxler
1026,Kürschner und Weißgärber
1027,kay. bibliothecc zu Wien
1028,landshaubtmann zu Linz
1029,P. P. Paulaner zu Minchen und Pamberg
1032,Sachsen Meinig. gesander
1035,Weichbischoff zu thuln
1036,kay. fabricanten
1042,Broun. Infant: Regt.
1051,kay. geheimer reichs referendarius
1052,o:ö: regts. rath
1053,Pohlnischer gesander
1054,böhamb. gesander zu Regenspurg
104,referendario
1055,n:ö: Regierungs:Canzley
368,kay. hofcamer:canzley
370,n:ö: Regierungs:Canzley
1059,zeugmacher handtwercher
1060,Franciscaner Closter zu Closter Neuburg
1061,2 freuln
1062,Reichs Referendario
1063,ain herrschäfftl. bedienten
1064,Dechant v. S. Nicola
1065,Reichs hofrath Vice:Praesident
1066,ain uberreither
1069,geweste bschliesserin am Rännäridl
1070,"harrach. Infanteriae Regiment, Geal. Harrach: Regt:"
1071,Comissario
1072,underschiedliche Clöster Linz und Wienn
1075,verwittibte fr. frau ober:commisarin
113,Closter S: Florian
1076,des fürsten löbenstain. hofrath
1077,P. Jesuiter
1081,Joh. Caspar Bemards seel. wittib
1082,neuer hr. ober:Commissario in Linz
1083,hochfürstl. Passau. hof:musicus
1084,thombherr zu Cölln und Strassburg
1085,Carmeliter Closter:frauen zu Münster
1086,Praelath v. Steyrgärsten
1091,Pralath von Fohrmbach
1092,Königl: Spänischen Pottschafter am kayl: Hoff zu Wienn
1093,"die inenbergerl: haubt: gwerckhschafft, der stachl, und eisenhandlung zu steyr"
1094,ain kay. Gral.
1095,frauen pflegerin am rännäridl
1097,ainer verwittibten kayl: hofrathin
1098,resignirten verwalthern zu Sprinzenstain
1099,marches grimaldi bäbstl: nuntio
3366,caitaner (Theatiner)
1101,kayl: schmölz werckhs factor ambt in tyroll
1102,kayl: berg und schmölz werckhs factor ambt in tyroll
1103,pöck in prielhoff
1104,scheffman und dem stüfft bertlesgaden
1105,100 oberlendischen leithen
1106,Salzburgl: Hofkellermaister
1107,graf zu gstettenau
1109,"graf gyulaische regt. zu fuess, graf Giulay. heyduckhen regt.:
https://de.wikipedia.org/wiki/Liste_der_Infanterieregimenter_der_kaiserlich-habsburgischen_Armee_der_Fr%C3%BChen_Neuzeit"
1111,fabrica zu langhalsen
1116,hochfürstl: kemptl: hofrath
1119,closter ordens von der parmherzigkheit zu prespurg
1120,kayl: banco deputations buechhalterei
1121,"kayl: haubt und rothenthurn mauth ambt zu wienn.
Zeichnung von 1725: http://www.wien-tourist.info/index.php/Hauptmaut_mit_dem_Roten_Turm_um_1725"
1122,löbl: landschafft zu linz
1123,"darmbstattl: courassir regament, Prinz Phüllüp Darnstättisches courssier regt."
1124,hamiltonil: courassir regiment
1126,45 familien per 205 persohnen oberlendl: leithen
1127,franciscaner closter zu closterneuburg
1129,pfar kürchen thurn in eferding
1132,miraculosen heyl: grab gottshauß zu deckhendorff
1140,1721/01/10
1148,jung daunisches regt.
1159,känigl: dänischen gesanden am kayl: hoff zu wienn
1161,prinz eugeni: 8 dragoner compagl:
1162,gnaden ohrt maria zu alten ötting
1166,franciscaner closter
1167,franciscaner zu enzerstorff
1168,kayl: obris: hof und landjägermaister
1176,Verwalther v Langhalsen
1178,kayl: berg und schmölz werckhs factor ambt in tyroll
19,Pfleger am Rannariedl
1181,hafner leith
1185,Stahrnbergerl: Regenten zu Wienn
1191,Curnische Erben
1192,2 bayr. officier
1193,ainem weißgärber
1194,recrouten und anderen leithen
1195,"Waderbornisches Courassir Regt.
Joseph Peter Waderborn von Dundy."
1196,kay. Generl feld:Marschall Lieutin.
1198,ain Student
1199,unser lieben frauen maria anger
1200,"Graff Phillippische dragoner regmt:
Regiment des Generalfeldwachtmeisters Victor Graf Philippi"
1201,Heisterl: Infanteria Regement
1202,general landtshbtmann
1204,ainem sengstschmidmaister
1205,"huederer in der gassen, Hueder in der Gassen"
1206,ainer fierkheuffling
1207,2 fräulen grafen von ottingen
1208,kayl: minz ambt naggparnien in sibenbirgen
1209,4 Juden Persohnen
1211,Closter zu S. Pölten
1212,cassarnen und soldaten lager
1215,ainem grafen auß Sicilien
1216,hochfürstl: passauerl: löß ambt nach königstötten
1217,pollnischen abgesanden am kayl: hof zu wienn
1219,Prior von Englzehl
1220,etliche kaufleith zu linz
1221,kayl: spiegl manufacturs factorn zu wienn
1177,Preuhaus Marsbach
1222,le comte de pinos
1229,kayl: gartner
1232,ainem päckhen
1233,prinz ferd: payrl: dragoner regmt
1235,passauerl: loss ambt zu crembs
1236,n. ö. stands:cassarnen
1238,hochfürstl. gnaden hr. Weychbischoff zu thuln
1240,frau Pflegerin zu Marspach
1241,etlich schmid- und cramerleith
1242,Closter Zwetl
1245,aine fierkheuffling
1249,wienner. zahlmaister
1250,vice dechant
1251,"baron, thomb capitulären zu ollmiz"
1252,con commissariy zu regenspurg
1253,con commissariy zu regenspurg
895,Gavalier
1257,Saltzburger Poth
1258,kayl: hofstatt
1259,2 kaufmäner
1260,Gral. feld marschall graf
1262,kay. invaliden:haus
1265,unklar (Korporal?)
1266,Schmidlsauer (von der Schmidlsau)
1267,Recrouten Saldaten
1268,kays. schiff leitenant
1276,Reichshofrath Baron 
1278,Karl III. Philipp von der Pfalz?
1283,Niclas Pälfische Regiment
1296,Danzmaister. Unklar ob Personenname oder Berufsbezeichnung.
1298,lamplwirth zu stain
1304,mäner würth in linz
1306,bischof zu raab
1308,krepsen würth zu linz
1309,ainem schmid
1310,14 krammerleith
1315,4 schwarzwalder paurn
1316,ksl. Hofkrüegs Agent
1320,"frau Gral., Generalin"
1322,comtesse
1325,Ihre Excell. Herr Prioli Venetian.
1328,"Lesung unsicher. Quelle: ""Manstrat""."
1329,traunführer/traurführer [?] zu welß
1330,verwalther zu st. peter
1331,underschiedliche handlsleith zu linz
1335,fürstl. bediente
1336,fendrich
1337,pfarr gottshaus walding
1338,Capucinern zu landshuet beede in bayr
1339,armes closter in mähren regern genant
1340,ain geistl: v. closter Paumgartenberg
1342,Frauen Closter Marienthall in Thyroll
1343,Schmid am alten hof
1344,"königl. hungar. Bergstätten, kays. Bergstötten in Hungarn"
173,hohfürstl: passau
1353,ainem burger v. Rorbach
1354,ainem würth zu stain
1355,sonnen würth zu stain
1356,des herrn dechant freule schwester
1357,kay: hof gepauen
1358,8 kayl: haubtleuth aus wälschland
1359,Marschall
1361,marckht rohrbach
1366,zeug leuthenant
1371,chur bayrl: hofrath
1372,verwittibten frauen pflgerin im auhoff
1373,handlungs societat
1382,jenoesl: gesanden
1383,"hoff kriegs rath agenten, ksl. hofkrüegs agent, hofkriegs agent, hofkriegs rath agent, kriegs agent"
1385,advocat
1386,Groß Prittänil: abgesanden 
1392,"Batteeisches Dragoner Regt.
Heinrich Freiherr von Battée."
1394,Lartharische(s)/Lantharische(s)/Lanthiarische(s) Courassier Regt.
221,"entliche Clöster, ainichen clestern"
1395,herrschaftl. otting. Officir
1396,[Hochstift Passau] dessen gepäu [in] Königstötten
1398,unklar
1400,"schwarz adlerwürth, schwarz adler:würth"
1401,würth bei St. Dilling; würth bey St. Yhling
1402,Geal. Wachtmaister Mazullische Infanterie Regt.
1411,Schwäb. Gesanden
1412,hofgartner
1413,"denen benachbarthen dergleichen clöster des franciscaner closters zu wienn, p. p. franciscanern zur Wienn und daßieger gegent"
1416,verwittibten frau generalin
1419,Hochgräfl. Schönborn. Kellermeister in Wien
1422,Ihro Churfüstlichlich Durchlaut in Bayern
1758,Franz Palffische infanterie regiment
1424,3 Jesuiter
1427,Stüft und Closter Gäming
1428,Engl: Freylen zu S: Pölten
1430,handwercks pursch
1432,wexl:herrn
1433,verwittibte pflegs:commissarin von Pöchlin
1434,frauen closter zu Tuln
1436,P.P. Capuciner zu Poystorff in Unterösterreich
1437,Wienerr. kriegs commissari
1439,"dr., kayl: rath"
1440,kayl. Neusoller Kupfer:Administradorn
1441,ain welischer Herr
1442,chur pfälz. hofrath
1443,graf auß Spänien
1444,Profess haus Soc. Jesu
1445,fahl bauren zu Wels
1446,Closter Oberaltach
751,"closter bey der heyl. dreyfoltigkeit zu Neustatt, closter zu Neustatt"
1448,regts rath
1450,"Kayl. Privilegirte SpieglMonafactur Handlung in Wienn, kay. spiegl manufactur zu Wienn"
1451,Bediente
1452,Hofwürth
1453,Collegium Soc: Jehsu zu Prün
1454,Collegium zu Belgrad
1455,hanoverischer abgesander
1456,"Ksl. Hofkammer, Hofkrüegs, und N:Ö: RegierungsCanzleyen in Wienn"
1458,haubtman
1459,feld marschall baron
1461,Kayl: Soldaten Officier
1462,Gottshaus zu Sämerneykürchen
1463,Hofmaister bey H: Erzbischofen in Wienn
1465,bürgerl. zeughaus in Wienn
1466,fürstl: pollnische subietschkische hoffstatt
1467,bediente des fürstl: pollnische[n] subietschkische[n] hoffstatt[s]
1468,französ. officier
1469,kay. soldaten 
1471,"soldaten, so auf die werbung abgehen"
1472,scheffknecht
1473,hochfürstl. Prandenburg anßpachischer hoff
1475,Leinwathhandler
114,Carmeliter Closter frauen in Linz
1476,zum Preuhaus nach Grueb
1479,"kay. commissari, welcher bey der erzbischöffl. all in Salzburg geweßen"
1480,Closter Lillienfeld
1481,"graf, erzbischoff zu Palermo"
1482,die in dem Königreich Neapl subsistierenden Infanterieae Regt.
1483,kay. hofforier
1484,"Preys. gesander am kay. hoff, Chur Preusischen abgesanden"
1485,herrschafft Grueb
1488,mautt ambt
1489,aine Salzburgerl. officiers frauen
1490,Würzburg. gesander 
1491,Closter Frauen
17,hr. Stattpfarer zu Wels
1493,buechhandler
1494,fabricant
1495,Millner
1496,Fabrique zu Linz
1497,"dero Frauen Gemahl, Bediente"
1500,ain Haubtman sambt dero Fraun
1501,neue fabrique nach Wienn
1502,Passauerl. Hof
1503,Secretory v der Königin auß Bortugal
1505,unklar
1506,Graffen
1507,gewester Pfleger zu Schaunberg
1508,Beck bey der Kürch
1509,neu aufgerichtete tuch fabrique in Wienn
1510,kays. salz bereither von Wildenrännä
688,büergerl: leedermaistern in Passau
1513,aine Herrschaft sambt Bedienten
1514,ain passauerl. officier sambt dessen Fraun
1515,"Amtschreiber, ambschrb."
1516,Weihbischof zu Thulln
1517,briesten
1521,Beck am Partenstain
1522,Kammerschr.: Lesung unsicher
1524,abgedankte Soldaten sambt Weib und Kindern
1526,closter frauen
1527,salzburgerl. hof mussico
1529,H. Landtschafts Comissary
1531,3 Soldaten Officier
1532,Herrn Graf Ginsky seinen Hofmaister
1533,kayl: inschenierer
1534,hamerschmid- und cramerleith
1535,kayl: reichs=hofraths=agent
605,ain weißgärber
1311,"krammerleith, crammer leith"
1536,Pfarr Leopoldi Gottshaus
1537,kayl: hofkammer secretary
1538,Graf ... OÖ: Hofcamer-Praesident
1539,"Praunschweig, und Wolffenbittl: Gehaimer Rath, und Gesander zu Regenspurg"
1540,Soc: Jehsu Procurator in Augspurg
1541,Kaufleith v Linzermarkht
1542,"churfürstl: hofkammer guarderoba, mobilien und hofschneiderey comissarien in minnich"
1543,frau hofrichterin v. Nidernburg in Passau
1544,Geal. Harrach: Regt:
1547,gewester Kellermaister v Closter Schlägl
1548,passauer: hof castner zu Stackherau
1549,Rentmaister zu Königstätten
1551,"Gräfin, der Regierenden Kayserin Hofdame"
1552,underschiedlich hofdamen und freulen
1553,Pralath v Closter Alderspach
1554,obsttrager
1555,Herrschaft Casten
1556,abgedanckte soldaten officier
1557,Franz Pölfisches Courissir Regiment
1558,kay: pau verwalther
1559,kürschner
14,"kay. fabrique zu Linz, fabrique [zu] Linz, kays. Fabrica zu Wienn, kay fabrica zu Schwöchet"
1560,Parfießige Carmeliter
1561,P: P: Capuziner zu Corneuburg
1562,F:
1563,Landrichter v Berthesgaden
1564,dero Frauen Gemahl 
1565,dero Bediente
1566,in Italien stehente Cavallerie:Regimenter
1567,ain Bayrisch Graf
1568,Stattschreiber von Linz
1569,H: Lösmaister v Closter Suben
1570,Wienner. herrn
1572,graf Wallseeg. Infanterieae Regt.
1573,kay. Czackisches husarn Regiment
1574,Wührt zu Hartkürchen
1575,Wührt zu Haybach
1576,125 Persohnen schwäb: Leith
1577,bischoff zu Würzburg
1578,zu Ihro Kay: May: p: Diensten
1579,Verwalthung St: Peter
1580,Passauerl: LösComissarien
1581,weinwührt
1582,H: Dechant zu SärleinsPach
1583,Lös: Comissarien v Closter St Nicola
1585,bölfisches heydukhen regiment
1587,ain hiesiger Herrschafts Underthan
580,"Dhr. Churfürst zu Pfalz, churfürst v. Neuburg, Churfürst zu Neuburg und Heidlberg:
Karl III. Philipp von der Pfalz
1652: Karl Ludwig"
1590,kay. pauholz:stadl
1591,"Jenaescher abgesander, jenoes. abgesander, Jenoes. gesander"
1593,Salzburger: Hofbinder
1594,underschiedliche clester zu Wienn und Hungarn
1595,Markht Neufelden
8,"kaufman, kaufherr"
20,"Kaufleute, Kaufherren, Kaufmänner"
122,"Splenisches husarn Regiment.
Johann Ladislaus Freiherr Splényi von Miháldy."
1246,Wahrscheinlich ident mit dem Dragonerregiment Prinz Ferdinand von Bayern.
123,"Graf Jörger. Regt./Regiment, General Jörger. Regiment.
Wahrscheinlich ident mit dem Dragonerregiment Graf Jörger."
310,"Mercysches courassir regiment, general Merzisches regement"
901,"Karl Alexander von Württemberg, ksl. und Reichsgeneralfeldmarschall, ab 1733 Herzog von Württemberg."
282,"kay. Baboczoisches husarn regt., obrist Babomagisches husarn reg."
921,Leopold von Lignéville.
922,Leopold von Lignéville.
428,"Galbisches dragoner:Regiment.
Emanuel Graf Mendoza de Galbes.
1721 zu Kürassierregiment umgewandelt - Quelle: Die Reiter Regimenter der k.k. Österreichischen Armee, Band 1, Seite 25)"
741,ksl. Gral. Graf Eckische Courossir Regt.
331,Polffisches Courassir Reg.
330,General Graff Mortingnisches Courassir Regt.
329,"Gral. Gronsfeldisches Courassir Regt.
Johann Franz Graf von Gronsfeld-Bronckhorst."
984,"Graf Corduaisches Courassir Regt., Cordovaische Courassier Regt."
378,Graf Viardisches Courassir Regiment
300,"Grandrecourt. Courossir Regt.
Adam de Gondrecourt"
1600,dessen Frauen Gemahlin 
1601,gräfl: jungend des grafen v. Seeau
1602,Bediente des Grafen v Seeau
752,"Sulzbach. Courassir Regt.
Joseph Karl Emanuel von Pfalz-Sulzbach."
265,"Steinvillisches Courossir Regt.
Feldmarschall Stephan Graf Steinville."
734,Fürst Lobkowiz. Regt.
117,"Graff Lobkowizisches Courassir Regt., kay. Lokowizisches Curasier Regement"
1234,"Max Stahrberger. Regiment, Max Stahrnberg. Rgmt."
108,"Prinz Emanuel Savoyisches Courassir Regt., Prinz Emanuel Savoy. Courassir Regt.
Thomas Emanuel von Savoyen."
1293,"Graf Kevenhiller dragoner Regt.
Ludwig Andreas Khevenhüller."
1019,"kay. Prinz Savoyisches dragoner regiment, lobl. Savoy. dragoner regement"
408,boyreith. Regt.
1605,Pater Kellermaister v Closter Nideraltach
1607,Graf v Stahrnberg zu Schaunberg und Gstettenau
1608,5 familien oberlend. leithe
1406,gewester Pfleger zu Schaunberg
1609,13 familien oberlend. leithe
1610,leithenant
1611,Kay: May:
1612,Capuciner zu Steyr
1613,Lesung unsicher: Sphäzl v Englzell ?
1614,tyroller:bergwerckhs:arbeither
1615,Bediente des Grafen v Stein
1616,mautt:Bschauer in Wienn
1619,Weimarischer gehaimer Rath
1620,Rittmaister v. Cörräff: Regt:
1621,Portuges. abgesander am kay. hoff zu Wienn
1623,hr. auß Preussgau
1625,schneider am platz
1626,"Graf, ksl. ober ambt Rath im Herzogthumb Schlesien"
1627,Glashandler
1628,Pfleger v Weydenholz
1629,Praelath zu Göttweig
1632,pozdäzkisches courassir regiment
1636,grafens v. Töring seinen secretary
1637,geistl. v. S. Nicola
1638,Bediente Ihro Hochfürstl: Gnaden v Longovall
1639,dechant v. Aigen in Bayern
1641,wöbermaister
1643,kay. stukhhaubtman und feurwerkhs:maister
1644,kays. ministerial banco deputation
1645,"marullisches regiment, marullisches infanteriae regiment"
1646,haubtman v. Waydhofen
1647,5 familien frankh.en leithen
1648,Wienner: Handlsleith
1649,passauer. officier
1650,französ. cavaglier
1651,Graf gundakher Stahrnberg. freyhaus zu Linz
1652,Generalin
1653,"Fuedermaister (""Futtermeister"" für Pferde, evt. auch Fördermeister od. Fuhrmeister: verantwortlich für Pferde und Fuhrwerke ?) "
1654,welische cavaglier
1655,9 familien oberlend. leithe
1656,"Monsieur, ReichsHoffRaths Agent"
1657,freysing. gesander 
1658,8 familien oberlend. leithe
1659,niderlend. kaufman
1660,trukhses und oberbereither zu Salzburg
1662,herrscha. underthannen
1663,kay. hof capelan
1665,Wagnerin zu Pupping
1666,burgerl. leedermaister 
1667,Schuemacher
1668,erzbischof v. Edessa etc.
1671,obrist leuthenant
1672,"Concepist.
Entspricht etwa: Kanzlei-Adjunkt, Sekretär"
1673,stainmezmaister
1675,kay: rath und commissario
1676,Churfürst v Neuburg
1677,kay. salzpfannen 
1679,griegischer Erz Bischoff
1680,Bedienter aines griegischen Erz Bischoffs
1681,dolmetsch
1683,hochfürstl. Pamberg. obrist lieutenant
1687,Passauer: Hof Binder
1688,Weib des Passauer: Hof Binders
1689,Wienner: Niderlaäg
1690,hofschrbl. zu Rännäridl
1692,"bürgerin, burgers weib"
1693,pamberg. gesander
1694,"freyh., haubtman zu Mauttern"
1695,N. Ö. regt. canzlern
1696,5 partheyen oberlend. leithen
1697,graf Kuefstaini. officier
1698,ostfries. abgesanden am kay. hoff
1699,hochfürstl. gnaden bischoff zu Schanad in Hungarn
1701,lothring. cavaglir
1702,"grafen, camer prassidenten"
1703,Schloser (alhier) Bürger
1704,Carmeliter zu Wiennerisch Neustatt
1705,kay: schlissl: amt Crembs
1706,türk.er unterthan
1707,Dechant zu Schörffling
1708,"unklar, ob Funktion oder Nachname"
1709,"Schöffmaisterin, Scheffmaisterin"
1710,Pfarer v Perndorffe
1711,zway bataillon v. Max. Stahrnberg. regiment
1712,paarfüessigen p. carmelitern zu Wienn
1713,ainem graf Lamberg. pfleger
1714,kay: Hungar: salz bergstätt
1715,kay. gehaimben hoff und statts canzleyen
1716,"burger, jungen"
1717,p. p. capucinern zu Waydhofen
1718,rendschreiber
1719,Salzburgerl: Mundt Beckh
96,Venetischer Pottschaffter am kay. hoff zu Wienn
1721,mauth:verwalther
1722,commandirenten generale in Servien
1723,florianer. haus zu Linz
1724,"thombherr bey St: Stephan in Wienn, dumbherrn in Wienn"
957,"Praunschweig. gesander, Praunschweig. abgesander zu Regenspurg"
1725,hochfürstl: dhrl: zu Hessen Darmstatt
1273,"mauttbschauer, herr bschauer"
926,Thombh. zu Passau
1151,verwalther v. Sprinzenstain
1349,postmaister
1117,hochfürstl: kemptl: hofrath
1726,Württenberg. graf
1732,löwenstaini. agent
1733,wexlherrn
1734,mauth einnehmer
1735,haußhaltung franckh. leithen 
1736,fierkeuffering
1737,bayr. leithen
1738,dessen Frauen Gemahlin
1739,dessen Kinder
1740,Äpfler (wohl Apfelhändler)
1741,Ostfries. gehaimben rath und abgesanden
1742,herrschaftl. cammer:diener
1743,gewester waldmaister zu Neuburg am Yhn
1744,dischler
65,"Marchese, marques"
1745,"persohnen Mänss. leithen, persohnen Mayez. leithen"
1746,Churfürstl: Hofrath
1747,persohnen frankh. und schwäb. leithen
1748,burgerl. schönfärber
1749,ober leuthenant
1750,"dem Jungen, der jüngere"
1751,gubernator zu Maylandt
1753,Kupfer Schmidts dochter
1754,färber
1755,weibern
1756,"draganer haubtman, baron"
1757,paur
1759,Graf ... Passauer: und Olmitz: thomb Capitular
1760,kay: Kriegs Concepist
1761,neugepauter Passauer Hof
1763,chur bayr. leib cammerdiener
1764,minoriten
1765,"ingenier, inschenierer"
1766,Graf v Mohrnfeld ... Bediente 
1767,schuester
1768,dechant
1769,Salzburger. camerdiener
1770,224 familien oberlend. leithen
1771,kay. feldt apadecker
1772,markht Inernberg in Eisenärzt
1773,collegium soc. jessu 
1774,64 familien per 300 persohnen Oberlend. leithen
1775,44 familien [...] köpff oberlend. leithen
1776,"hofkriegsrath, gehaimen referendario "
1777,doctor der medicin
1778,hofrath Cranz sambt dessen leithen
1779,173 familien bey persohnen Oberlend. leithen
1780,115 familien Oberlend. leithen per persohnen
1781,"grafen, herrschafft Illeraicher in Schwaben landt"
1782,burger. handlsman
1783,116 familien persohnen Oberlend. leithen
1784,kay. hof juden Wertheimer bedienten 
1785,57 familien per persohnen Oberlend. leithen
1786,49 familien Oberlend. leithen per persohnen
1787,Preuambt
1788,kay. purkh pfleger zu Wienn
1789,104 familien bis persohnen Schwäb. leithen
1790,83 familien bey persohnen Oberlend. leithen
1791,50 familien bey persohnen Oberlend. leithen
1792,obrist wachtmaister
1793,kay. mautt ambt
1794,"bergwercken, kay. bergwerkher"
1795,109 familien per persohnen Oberlend. leithen
1796,soldaten officier
1797,Venetianisch. abgesanden am kay. hoff 
1798,113 familien Oberlend. leithen per persohnen
1799,grafen v. Tauffenkürchen
1800,kay. kupfer administration
1801,70 familien per persohnen frankhen und schwaben
1802,gesambten leederer maisteren
1803,87 familien per persohnen Frankh. leithen
1804,21 familien per persohnen Frankh. leithen
863,hochfürstl. Passauer. officialiat:ambt zu Wienn
1806,6 haushaltuing per köpf Frankh. leithen
1807,beckh am palz und bey der kirchen
1809,graf Kuefstaini. officier
1810,churfürstl. camerrath und zahlmaister
1811,"churfürst. Trierischen abgesanden am kay. hoff zu Wienn, chur Trierischen abgesandten zu Wienn"
1812,hochfürst. Anspach. gesanden
1813,45 familien per persohn Frankh. leithen
1814,arestanten
1815,welische ingenierer
1816,133 familien bey persohn Frankh. leithen
1817,burgerl. preuhaus
1818,"stüfft Strohamb;
Die Stroheimer Malteser Kommende war eine Stiftung der Grafen von Schaunberg"
1819,Querer
1820,sambent. kupfer schmiedten
1821,hochfürst. Prandenburg. gehaimben rath und gesanden
1823,kay. hofrath und gehaimben reichs referendary
1824,persohnen außlend. petl leith
1825,hofkriegsrath Kampmillner dessen leith
1827,carmeliterin
1828,administratoren
1829,thom kürchen
1830,"grafen, thombherrn und cammer praesidenten"
1831,"baron, kay. hof comissary"
1832,hofschrb.
1833,officiers:frauen
1835,gewester burger
1836,praelath zu Crembsminster
1837,statt sindico v. Strassburg
1838,kay. hof:medico
1839,N:Ö: hofcamer:rath
1840,bischoff zu Wiennerisch Neustatt
1841,spänisch cavaglier
1842,jungen fürst
567,kay. hofbortier
612,der kay. kupferhandlung bey der kay. und königl. bergstötterischen cammer Neusoll
727,kay. krüegs:commissarin
946,haubt:bergwerksamt
89,königl: spänischen pottschafter am kayl: Hoff zu Wienn
1230,kayl: gartner
1281,"Fr: Fr: Misericordae
Barmherzige Brüder"
1844,graf Jögers. dragoner regiment
1845,weyhbischoff zu Passau
1846,Herr Verwalter alda
1847,Herr General Wuttginau nach Wien
1848,grafen v. Welz sambt dessen leith
1851,Schaunberg. armen underthannen
1853,kay. soldaten officier
1854,Gmundner pothen
1855,chur bayr. feldscherer
1856,ainem fürsten v. Liechtenstain sambt bedienten
1860,persohnen Pfalz. leithen
1861,"graf, landtshaubtman zu Prin"
1862,"Bischoffen zu Neutra, Grafen"
1864,"freyherren, chur bayr. regierungs rath"
1865,"grafen, thombherren zu Salzburg und Passau etc."
1866,dem Venetanisch Potschaffter
1868,kay. Cammerzahlmaister
1280,Rothenthurn oberMBeamter in Wienn
1872,St. Josephi saulen auf dem hochenmarkht zu Wienn
1874,Herr Hofrichter alda
1875,herzogen v. Armberg sambt dessen leith
1876,thomb dechant
1877,herzog Württenberg. hofmaister
1286,"Hochfürstl: Schwarzenburg. bürgerl: Hofrath
entweder ""Schwarzenbergisch"" oder ""Schwarzburgisch"" (Fürstentum Schwarzburg-Rudolstadt) ?"
1317,Hochfürstl. Schwarzenberg. Hausmeister
1880,lemoni handler
1881,kayl. schloshaubtman
1882,neuen herrn pfarer
1883,Erzbischoff v Valenzia Graf [v Hardegg]
1884,bedienten etlicher herren
1885,Phillipp Hainrich edlen v. Jodoci dessen bedienten
1892,Graf Sprinzenstain. preuhäußer
88,"leederer, leederer handwerkh, leeder"
1896,"Caroli Boromaei kürchen gepäu, Caroli Boromei kürchen gebeu"
1897,Schmidt im Grabm zu Eferting
1898,ihro excell. hhr. grafen Friderich v. Harrach etc. als böhamb. abgesanden zu Regenspurg dero junge herrschafft bedienten
1899,garttner
1900,gnaden orth Maria täferl
1907,"Bayreitisches Dragoner Regt:
(das Preussische Dragonerregiment des Markgrafen Friedrich, Erbprinzen zu Brandenburg-Bayreuth)
https://books.google.at/books?id=istRAAAAcAAJ"
1913,hißiger herrschaffts: inspector
1914,Ebenmihlner
1915,graf Herschan sambt dessen frauen gemahlin
1916,general Lucatelli sambt leithen
1917,Wagner
1918,Harrach. regenten
1920,closter Mattsee
1922,erzherzog. hofstatts
1926,leeder handler
1930,landtschafts: aufschlags: einnehmern  
1936,marquetanterin
1944,Duc de Arenberg. reg. zu fuess
1945,Reini. leithe
1953,nachtpauren
1954,reuther
1955,verwittibten haubtmanin
1956,"kay. gesanden, Oesterreich. abgesandten"
1957,obern becken
1959,soldaten officier
1960,monsieur secretari bey ihro dhr. brinz Eugeni
1961,welische herrschafft
1962,Saagmillner
1963,landschrb. 
1965,grafen von Galne dessen bedienten 
1966,obristen v. Thaunischen regiment
1967,haubtman v. Harrach. regiment
1968,Prinz Bortugallische regt.
1969,forstmaister
1970,4 familien pr. persohnen frankh. leithen
1971,O. Ö. hofcammer secretary
1976,abgedanckte soldaten sambt weib und kindern
1977,abgedanckte soldaten sambt weib und kindern
345,Salzburg. pothen
1979,engliischen gesanden
1980,pfarrer und schulmaister
1982,universitet kürchen
1983,gräniz mauth einnehmen
1984,cardinaln v. Sachsen Zeits cammerdiener
1985,cardinaln v. Sachsen Zeits kuchlmaister
1989,bader
1990,helfenberger underthane
1991,landschaffts pauschreb.
1992,pührenstainer underthanen
1993,"kayl. n. ö. regiments und commercien rath, baron"
1994,"innerberger: hauptgwerkhschafft der Stahl, und eisen handlung"
1997,graf Galbesische courassir regt. 
1998,"wachtmaister, graf Galbesische courassir regt. "
864,"kriegs agent, hofkriegs agent"
2001,fürst Schwarzenberg. officier
2002,fischer
2003,polnischen gesanden 
2004,stallmaister v. grafen v. Schönborn
2005,aines kayl. geal. seinen bedienten
2006,geistl. v. closter Nideraltach
2009,Kayserl: Hofkrüegs:rath und gehaimer Referendary
2014,herzog Lothring. hofstatt
2015,herzog Lothring. hoffstatt
2016,zeug leithenant
2018,handtschuchmacher
2019,Koch
2020,haußhaltungen
2022,44 familien schwäb. leithen
2023,David Rikh seel. Erbn
2025,stahrnbergerischen Secretarius
2026,86 familien oberländische leith
2027,23 familien oberländer leithen
2028,brandenburg. hofrath
2029,schwedischen Prediger
2031,speyrischer hofrath
2032,Hauptmann v. Pädiänischen Regmt
2033,chur-bayrischer gesandte
2034,53 Familien oberländ. leuthen
2036,Mühl
2037,14 familien frankh. leithen 
2043,an den kayl. post secretarium 
2044,Prelaten zu Schlegl
271,"Saltzburger poth, poth v. Salzburg
Auch: Ordinari Salzburger Bote"
2047,quartier meister
2048,chur pfälzischen legations Rath
2049,hofbefreiten leinwath-handlern
2050,Carmeliter-Provincialen
2054,kay. neues lusthaus
2057,statt richter
2077,Augustiner Paarfüssig
2078,tyroller referendario
2079,Comissarius Generalis
2080,Prediger-closter
2082,underschiedlich neu angeworbene kay. regimenter
2088,hießiege recrouten
2089,Passauisch: concelistn
2092,Wachtmaister
2094,Hollstain. gesanden
2095,grafen Salerne bedienten
2097,goldschmid
2098,schneider
2099,handlsman
2100,Herr Prolaten zu Schlierbach
2101,türkische Unterthan
2102,Feldt Bater
2953,Prinz Eugen oder Prinz Emanuel von Savoyen?
2104,kay. hof spittall
2105,Sachsschischen Hof Marschall
2106,schwäbiesche famillien
2107,officialen zu Passau
2108,Graf Obrist Stallmaister
2109,chur bayr. rath
2110,"General von Prinz Eugenischen Regiment, general von Prinz Eugenio "
2111,cancelisten
2112,Abbe
2115,Domerpaumb
2118,jungen h.
2119,binder maister von Closter Reichensperg
2120,margrafen
2121,"freyherrn, cammerer und vicedomb"
2122,chur bayr. truckhsäs
2123,"handschuechmacher, burger"
2124,bilgramb
2126,pasßauer. geistl. comissarien
2127,landtsfürstl. tyrollischen immediatt. bergwerkhen
2128,geistl: raths director
2129,gehaimer rhat bey ihro durchl. kurfürsen zu Pflaz
2131,Plehirten Soldaten
2139,türolische hof canzley
2141,33 familien pro 225 persohnen frankh. leithen
2143,67 familien bey persohnen frankhen
2144,sengstschmid
2145,soldaten v Brinz Bortugal
2146,kay. towakh manufactur ober ambt
2147,Meylendischen grafen
2148,prinzen v. Hochenzohlern bedienten
2149,"""das neu aufgerichte Carolische husarn Regiment"""
2150,"""das neu aufgerichte Carolische husarn Regiment"", ""das neu aufgerichte kay. husarn regiment""
Alexander, Graf Károlyi de Nagy-Károly"
2151,pfarr
2152,husarn
2153,chur mänz. rath
2154,etliche Junge Cavaglier
2155,Passauer Obrist Jägermaister
2156,manzischen courier
2157,underschiedliche leinwath handler
2158,"domb dechant zu Salzburg, graf"
2159,bedienten v. fürst Liechtenstain
2160,"bedienten v. general Galbes
"
2161,"graf, weich bischofen zu Passau"
2162,Naßau. gesanden 
2163,glaßschneider
2164,16 familien per 90 persohnen frank. leithen
2165,bedienten ainer herrschaft
2169,marquis; gewesten vice r. zu Prissl in Spänisch Niderlanden
2170,landschaffts breither
2171,Wienner. herrn
2174,gewesten cassierin
2176,gewesten kay. gesanden zu Cammerich
2177,welische officier
2178,kay. reichshofrath und gehaimben reichs referendarius
2179,graf Windischgräz dessen frauen gemahlin
2180,"kay. gubernantin, erzherzogin v. öesterreich und gubernantin der österr. Niderlanden"
2181,bayr. cavaglieren
2185,gewesener Vizekönig von Neaplois
2187,Lesung unsicher
2189,"österr. principalabgesander, österreichischer und burgundischer gesandter"
2190,underschiedliche Regimenter zu Pferd und Fuss
2191,Päbstl. Nuntius
2192,kays. Fabrica zu Wienn
2193,kays. regiments:rath
2194,Jung Frauen Kloster zur himelsporthnm dasigen Preuhaus in Wienn (Lesung unsicher)
2195,geistl. hofrath
2196,etlich junge Graffen
2197,Chur Pfalzisch. Hofrath
2198,"kay. statt, und compag. (livrey)"
2199,Bediente des Prinzen Eugenii
2200,hofcamer : Dierector
2201,Closter Raab
2202,Griesler
2204,"""an den Littmoltischen Regiments Rath"". Unklar, ob ""Littmoldisch"" sich auf eine Person oder ein Regiment bezieht."
2205,legationsprediger
2208,kays. reitschuell pau
2209,Veldt Postmaister
2216,"kays. Maurillischen Infanterie Regement.
Bisher kein Regimentsinhaber ermittelbar."
2217,14 familien oberländ. leuthen
2218,"schulmeister, schuelmaister"
2219,das neu aufgerichte kay. husarn regiment
369,hoffkriegs canzley in Wienn
2220,Cammerdiener von gr. Salaburg
2221,kay. ober Jäger meister
2222,Bediente von ihr Excell. Graf Aloysio v. Harrach
97,"franciscaner closter, p. p. franciscaner"
2224,florentin. Pottschaffer
2225,Palwierer
2227,Militärische Einheit
2228,fürstl. bedienter
2230,niderländ. cavaglier
2233,Englwürth
2234,königin in Portugal
2978,pfarkürchen enns
2238,Hatschi
2239,sambent. hafnern
2244,königl. spänische pottschaffter duca
2245,kay. hoff mussicus
2246,neuen verwalther
2247,statt apadecker
2251,musscanten
2252,postambt:secretari
2253,grafen Friderich v. Harrach etc. frauen gemahlin
1429,"Obrist, Oberst"
2254,Sebastian v. Luidl seel. wittib
2250,dallonisch regiement
2258,Leimbsieder
2259,Georg Wagners seel. wittib
2261,Legations Secretario
2262,Trompetern
2263,Carteissern
2264,Michael Mayr und Sohn
2265,tyroll. land. milliz
2266,stain salz einnehmer
2267,kay. bergwerkhs:ambter
2269,kay. bancalitäts: officier
80,Päbstl. Nuntius
2056,"""in Salzburg"": wohl Kloster Michaelbeuren (?)"
2270,untern pökher
2271,Frauen Doctor gersterin (Lesung Nachname unsicher)
2274,Anßpach. Gesanden
2277,Frau Cammer:Director
2279,Arme Hauß
2281,oberst:hofmarschall
2282,Frauen Canzlerin von Prandroth
2283,obristin
2284,"kay: Culmbachischen Infanterie Regiment
Inhaber: Albrecht Wolfgang von Brandenburg-Culmbach"
2285,chur: sachsischen gesandten
2286,vestung freyburg
2287,engellendischer Graf
2288,verwittibten Pauschreiberin
2289,flandrischer gesander
2290,groß canzler
2291,grafen am Altenhof
2292,kay. statt Enns
2293,löbl. closter Gotteszell in Bayrn
2294,feld officier welche auf die werbung abgehen
2295,gewester Pfarr: Vicarius zu Steyr
2296,"kay. herzog Monteleonischen Infanterieregiment
1734 in Neapel aufgestellt."
2297,kay. reichs Hof canzley registrator adjunct
2298,chur bayr. hofräth
2299,closter Weltenburg in Bayrn
2300,underschiedliche officianten in der kay. haubt mauth zu Wienn
2301,Ulmischen hofrath und abgesanden am kay. hof 
2302,hochfürst. Passauer. consist. rath
2303,scheffmaister und sambentlichen knechten
2304,dem Salzburger. hrn lös comissary
2305,kay. N. Ö. general einnehmer
2306,oberpfleger zu Eferding
2307,bedienten der fürstin v. Liechtenstain
2308,Franz Wenzl grafens von Sinzendorff bedienten
2309,löß officier v. Salzburg
2310,"chur bayr. hofcammer rath, churbayr: hofcammerrath"
2311,Waichensperg
2312,Quelle: Fornier
2316,husarn officier
2317,commendanten zu Kuefstein; graf
711,bancalitets rath
2318,abbt v. closter Priefering
2319,Hessen Kastl. gesander sein hr. brueder
2320,hungarischen beschriebenen leithen
2321,gesandter v. fürsten v. Löbenstain
2322,L. J. Unklar ob Abkürzung des Vornamens oder Titel
2323,closter nicolaisch kasten verwalther
2325,in das closter nach Tyrnstain
2327,pfleger zu Schaunberg
2328,herrschaft Rännäridlischen paurn
2329,prelat zu Ettenheimminster
2330,"hofkriegs agent, hofkriegs rath agent"
2332,frichthandler
2334,S. Peters kürchen
2313,kay. salzbeambten
2335,obrist sambt dessen bediente
2337,Jeann Priuli sambt dero bediente
2338,Closter aus Poyrn
2340,des (...) v. Schüzen jungen herrschaft
2343,Closter gepäu
2344,kays. Salz Cammer Guet - damit dürfte eher eine Verwaltungseinheit als die geographische Bezeichnung gemeint sein.
2345,kays. Wasser Ambt
2346,"p.p. piarum scholarum in dem löbl. Josephin. Collegio in Wienn, p. p. piarum scholarum"
2347,Schuster würthin
2348,kay. feldtapodekh.
2350,officiere v. fürst taxischen regiment
2352,chur cöllnischer hoffrath
2353,preyss. minister
2355,saldathen haus
2357,Hofmillner
2359,kay. adjutant
896,gewester verwalther zu Landtshaag
2362,Mufflingisches Infanterie Regement
2364,Quelle: Colonell.
2366,bediente der frauen gemahlin des grafen v. Windischgräz
2367,Salzbuergerischer ober lößmaister
2368,clöster(n) auß Bayrn
2369,durhlach. gesanden oder durchlach. gesandten?
2370,durhlach. gesander
2372,geistl. raths directori zu Passau
2374,referendarin
2375,Augustiner bey Maria Loretho
2070,"feldofficier, feldofficieren"
2376,kriegscassir
2040,chür Collnischer gesandter
2382,sessl dreger
2385,Althamisches dragoner regiment
2386,Lanthyirischen courassir regt.
2387,waßenmaister
696,drey Solzberg-stott im Belgrader Bannat
3396,Neu=acquistirte Temeswarer-Banat Salzbergstötten in Hungarn 
1894,Inhaber: Heinrich Jakob von Suchow.
2390,Thyngisches Infanterie Regiment
2395,Goldinisch regiment
2396,Camalduenser closter auf dem Kaltenberg (richtig: Kahlenberg) bey Wienn
2397,cammern herr
2398,"Niederlagsverwandter, kay. niderlags verwandte"
2086,comissario
2399,nicolaischer verwalther 
2400,Gros britanischer und chur braunschwaig limburgischer abgesandter
2404,freylen von der gräffin v. Payrsperg
2407,hierschen würth
2410,"scheid gatten
[im Scheidgarten wird Mark von Mark getrennt; ""Scheideanstalt""]"
2413,fürst v. Fuldau
2415,Passauer. pauleith
2416,kayl. Stukhhaubtman; kayl. Stuckh haubtman
2417,generall kriechs comissario
2418,herrschaft Berghaimb
2419,gmain markh Särleinßpach
2420,griechischer Kauffman
2421,gewesten herrn administrator
2422,underschiedliche kayl: regimenter; etliche kayl. regementer
2424,hofcanzler
2425,Teutsche haus
2426,burgermaister zu Rattenberg
2427,neuen kupfern kössl
2428,althen Donischen regiment
2429,buechfiehrer
2430,chur Trierischen abgesandten zu Wienn
2431,p. köllermaister v. closter Reichherßperch
2432,hrn. bischoffen v. Apolino modenesischen abgesanden zu Wienn
2433,"kayl. Batthyanische dragoner regement, Pädiänisches Regmet"
2434,kayl. proviant amodiations buchhalterey
2435,kayl. proviant amodiations buchhalterey officiern
2437,Churfürstl. Pfalzischen gesandten hh. v. Beckers sambt dessen bedienten
2438,kayl. feldtspittall
2439,universitet
2440,general Thaun dessen bediente
2441,ein lobl. und mahr graffl. thum in Mahrn tawakhs comision
2442,Denische officier
2443,corrier von herzogen v. Wittenberg
2444,officier von fürsten v. Anßpach
2445,fürst Lubomirskische curassier regiment
2446,grafen Chiceri sambt bedienten
2447,baron Schenkh sambt bedienten
2448,Churpfalz. gesandten Carl v. Hartman sambt bedienten
2449,baron Scharff sambt bedienten
2450,baron Döpl sambt bediente
2451,"kay. proviant pekhen, kay. proviant bekhen maister"
2452,haubtman Spraizer sambt dessen frauen
2453,stattrichter in Salzburg
626,königl. churböhaimb. principal gesandten
2454,"grafen, kay. cammer herrn zu Wienn"
2455,kay. hof cammer referantario
2456,hr. Schabenrösslwürth
2457,Hauser würth
2459,kayl. hoff und feldt kriegs secretarius v. Zenegg bedienten
2460,kayl. hoff und feldt kriegs secretarius
2461,geistl. herrn
2462,negotiant in Wienn
2463,"chur mainzischen gehaimen rath, und residenten am kay. hoff zu Wienn"
2464,closter Schlägl haus 
2465,kayl. biecher comissary in Wienn
2466,prelaten von Closter Prugg
2467,"graf, weichpischoffen v. Thuln"
2468,burg. gutscher würth
2469,gmainen markh Aschach
2470,gmainen markh Landtshaag
2471,hofbinder von closter Degernsee
2472,bischoff baserischer abgesandter
2473,kay. kriegs agenten
2474,wellische herrn
2475,ain officier von prinz Modenau
2476,hanoverische junge grafen
2478,Bascha
2479,burgundiescher abgesander
2480,chur mainzischer hof
2482,hof cavalier
1447,"Münzamt (ksl.), khayl. münz"
2483,bedienter
2484,Jungfrau abtissin bey St. Nicola in Wienn
2486,"Prinz Carl Lothring. infanteriae regiment, alt lothringisches regt., Prinz Leopold Lothring. Regt. zu fuess"
2488,denische gavalier
367,"bote, pott"
2489,regt. in Hungarn gestanden
2490,"Evtl. könnte es sich auch um den Teil eines Nachnamens handeln, jedoch in Latein deutlich vom Namen (Johann Weigl) abgesetzt."
2491,Chur Bayrischen gesandten graf Parossa bedienten
2493,geistl. rath in Passau und dechand in Linz
2494,hochfürst. Löwenst. gesandten
2495,bargamenter
2496,grafschafft Wäxenberg underthanen
2497,erzherzog
2498,frauen Maria Testa gravin Picolomini
2499,"marches, khöniglichen Spänischen podtschaffter"
2500,wittib
2501,"graven, ambasiator"
2502,khindtsweib
2503,doctor juris
2504,mauttbeambten
2505,mauttner zu Wien
2506,burg. pinder
2507,pfleger zu Walsee
2508,aufschleger zu Englerszell; aufschlöger
2509,burger und sailler
2510,Rom. khayl. mayt. gehamben rath
2511,Thronischen aufschlags einnember
2512,"graven, Röm. khayl. mayt. gehaimben rath"
2513,"pilthauer, bilthauer"
2514,waßer mauttner
2515,closster Zain in Payrn
2516,der societet Jesu priester
2517,graven den eltern
2518,jungfr. closter
929,"burger, tischler"
2519,teütschmaisterischer hofrath
2520,"Person. Nachname Wolf, Beruf Fleischer?"
2523,orglmacher
2527,underthannen von Mannstorff
2528,verwittibte chur fürstin in Peyrn
2529,mauttner zu Vilzhoven
2530,rector
2531,underschiedliche uncatholische partheyen so sich wegen der reformation auß dißem landt begeben
2532,Herrn Praeladen am Seissenstain etc.
2533,closster Zeno
2534,stattschreiber
2539,kay. cammer mahler
2545,kürche
2547,gewester pfleger zu Weidenegg
2549,Closter zu Loreta
2550,khay. hoff khriegs expedition
2551,chur cöllnischer und bayrischer hof cammer rath
2552,mauthambts prothocolist
2553,hof secretario
2557,creüzherr
2559,kay. Diemayrisches regement
2567,hochfürstl. taxischer rath
2570,hofmaister bey sr. dl. herzogen v. Lüneburg
2571,closter Windberg in Bayrn
2572,hof contralor
2573,kay. danzmaister
2601,Duca
2607,hiesiges herrschaffts schlos
2608,Grol. Sellisches reg.
2618,Herzog von Neuburg
2621,prelath von Degernsee
2622,kay. jögermaister
2626,schwädische grafen
2627,neuen soldathen
1934,kay. gehaimben hoff- und krüegs secretario
2635,"burger, gegenschreiber"
2636,ambts glasser maister zu Gmundten
2637,"ober mautt ambt, kays. ober mauth ambt"
2638,Lesung Nachname völlig unsicher
2643,postambt
2646,Quelle: spüttal
2647,"trabant, kay. trabant"
2650,closter St: Emeran
2655,gesander von fürsten von Thormbstatt
2656,Augspurg. gesander
2657,Es handelt sich hier um die Fürstprobstei
2662,metridat cramer
2663,Quelle: kay. plochhauser
2666,kay bulfer fabrique
2667,kay. general Gravisches courassier regement
2668,statthalter von Amberg
2671,kuchl wirtn
2675,grafen v. Wallnstain seinen stallmaister
2678,Drahtzieher
2682,gewessten cavalier
2683,savoiatn
2684,undern haffner
2687,hollent. cavalier
2692,"Quelle: ""oberösterreichische Stänndte"""
2694,Under öester. landt marschall
2695,verwittibten churfürstin zu Pfalz
2696,"löbl. Prinz Neuburg. Courassir Regt., löbl. Neuburgisches Regt. zu Pferdt"
2697,Chur Sachischen gehaimben Rath
2698,landthaus
2699,kay. geal wachtmaister und commendant zu Minichen
2632,graf aus wellischlanndt
2718,frau marschallin v. Passau
2719,kayserliche porcelain fabric
2720,sagmaistern
2722,commendant zu Ynglstatt
2725,statt haubtman
2726,docterin
2730,gewesten kayl. zollner und stadlmaister
2732,kayl buech halterey
302,"kayl: may. salitter und bulfuer weesens inspectori
kayl. salliter inspector"
2737,kayl: hof jubelier
2743,Quelle: hollenst. reg.
2744,"Quelle: ""hollenst. reg."""
2746,gewästen hofrichter zu Ehrlach closter
2749,"kayl rath, unnd biecher comissari in Franckhfurth"
2753,vicedom ambts gegenschr:
2755,kayl: commissions secretario
2756,churfürstl: Braunschweig unnd Lineburgl: legations secretarius
2757,kayl: praesentatus
2759,closter Darnpach bey Wienn
2763,vicarius
2764,official
2767,landtgraf zu Hessen fürst zu Hernßfeldt
2768,"Löbl Rosenberg, dessen sohn"
2769,2 bediener Löbl Rosenberg
2770,Judas Schickh und dessen dienner
2771,Lebl Brodt unnd ain bedienter
2772,Hirschl Poindthiner dessen juden koch
2782,kayl: ober commissario unnd service cassa director
2787,Evtl. Regiment Herberstein
2788,Quelle: bischoff v. Kiembsee
2795,schöffmihlner
2799,Passau: läßherrnen
2800,closter Aspach
2801,priorin
2802,closter St: Veith
2804,landgraf
2805,caplan bey den Sibenkhirchen in Wienn
2807,mautt gegenschr:
2808,comendanten zu Freyburg
2810,Englische freyl oder closter jungfrauen
2812,proviant officier
2813,Joseph Spedazzi Secretari Della
2816,des fürst leopold v. lamberg seinem stallmeister
2818,Kays. Louis Württenbergl. Dragoner Regiment
2819,Werbplatz
2825,kayl: obrist wachtmaister unnd comendanten in ganz rendt ambt Burghausen
2832,"kayl: gehaimben rath, unnd general kriegs commissary"
2840,kayl: hof fischmaister
2842,"Röm: kayl: mayl: regimments rath, und Österl: gesanden zu Regenspurg"
2844,kayl commandanten zu Braunau
2850,Strohambern
2851,Wierzburg: gesandtin
2852,Priessler Pothen
2857,"thumb probst zu Ulmiz, Graf"
2859,tagwercher
2860,Niederöster: buechhalterei raidt off:
2861,caffe sieder
2863,"kay. hof camer rath, unnd gehaimben zallmaister"
2865,jungen herzogen
2866,"[Anhänger des] Caietaner ordens, grafen"
2870,burgern
2872,herrschafft Taxperg
2873,marckht cammer Felden (=Neufelden)- hier war auch eine Salzniederlage und es geht um Salzlieferungen
2876,bruederschafft Corporis Christy
2879,Hof bediennnten Ihro Maj. der Königin auß Bortugal
2886,König Carl der dritte in Spänien zu dero aigenen hofstatts notturdt
2889,falckhenierer
891,Quelle: closter der barmherzigen zu Wienn
2913,denischer abgesander
2918,hochfürstl. erzbischoff. cammer dienner zu salzburg und palmaister
2923,schwarzwalder sindicus
2929,https://de.wikipedia.org/wiki/Dragonerregiment_%E2%80%9ELiechtenstein%E2%80%9C
1995,closter St. Andre nach Gräz
2933,identisch mit kaiserlicher Hofkeller?
1908,"Benefikant, Beneficiaten
https://de.wikipedia.org/wiki/Benefiziat"
2934,"In der älteren Literatur als: Regiment Graf/General Portia zu finden.
z.B. S. 73 bei: https://books.google.at/books?id=qPwnAAAAYAAJ&pg=PA73&dq=regiment+general+portia&hl=de&sa=X&ved=0ahUKEwjPoPenkcTaAhWGzqQKHesCDNAQ6AEIJzAA#v=onepage&q=regiment%20general%20portia&f=false"
2938,sächsischer Baron
2944,kays. Cammer guett und Salz ambt
2960,starhemberg. reg.
2081,schmidmaister auf der post in Wienn
2964,löbl. Königsekh. Regt.
2968,Sachsenzeitsch. Gesander
2976,Hofcammer Secretario
2980,frau comissorin
2981,dürkhischer pottschafter
2984,ober wagenmaister
2988,General Adudant v. Heisterischen Reg.
2989,Rittmaister v. Heisterischen Reg.
3003,kayl. Hof Kriegs Canzley Vice Expediter
3004,kayl. Commissariats Secretarius
3006,"Infanterieregiment Nr. 22, ""Plischau zu Fuß""; Regimentsinhaber: Engelhard von Plischau"
3007,Hornstainischer Gesandter
3011,underschiedlichen millnern
3012,Reichs Vice Canzler Graf
3013,Convent
3014,Ingenierhaubtman
3018,böhamb. grafen
3020,würth bey dem weissen lämpl
3024,des löbl. fürst lobkowitz courassier reg.
3025,ainen genädig herrn
3026,salzburger. lösherrn
3027,des preuss. gesanden leith
3029,fizthumb ambt
3031,kueffertische erben
3033,officcer von daunisch regiment
3051,spänisch: Gesandter am kay. Hoff
3064,Barnabiten
3075,"savoiaten, savoiatn"
3081,Moshkowith. Gesander
3098,ainer herrschafts fraun
2651,"herrschaftl. Schaunburg(ische) [Scheiter]
Schaunburg=Schaunberg"
3102,comedaten zu offen
3110,General Broviat Directorn deß löbl. Schwöb. Creyses
3111,kayl. Salliter Inspector
3112,"""dem vor 2 jahrn durch ein donerwetter abgeprenten gottshaus Waizenkürchen"""
3113,die heyl. dreyfaltigkeit kirchen zu lambach
3115,an die hochfürstl. schwarzenberg. vormundtschafft
3118,kellermaister bey ihro maytt. der verwittibten kayßerin Amaliae zu Wien
3122,stainmezern
3123,hofkriegs rath
3125,cöllnischen hofcontrolor
3126,Eferding. Hoffscheidern
3127,Pre.Kuchlmaister
3128,Hoffkhellnern
3129,Schwarzenberger material.
3134,kays. liferantn
824,Quelle: prelath v. görers
3154,juden persohnen von dem kay. oberfacori Samson Wertheimer
3156,Hamburgischer Gesander
3157,"""kayl. Reichs Hofrath Agentin"""
3158,Passau: Hofweingärtten
700,Identisch mit ksl. Hauptzeughaus.
3161,kay. Warasdiner gräniz Miliz
3167,hochwürden kays. beicht vatter
142,hafner leith
3186,"gräniz vestung, gegen Türkhey angränizen vestungen"
3187,gmain Markh Aschach und Landtshaag
3191,fraun hofmaisterin
3199,ratsherin
3200,bolnisch officier
3201,fischhandler
3202,statt camerer
3204,"Spanische Benediktiner von Montserrat, 1620 von Ferdinand II. nach Wien berufen."
3209,General Cordovalische Regimente
3210,"Quelle: ""Jägor Mihlner""."
3212,"Quelle: ""Bämburg"""
3231,"Ehefrau und Kinder des Georg Augustin von May, kurpfälzischer geheimer Rat und Hofkanzler."
3232,hochgräfl. herrschafft grafschaft Rohrau
3237,herzog württenbergerischen legations rath 
3238,kaysl. Bancal Hoff Gubernium
3247,kayl. Fabrica und Manafactur Handlung
3248,Chur Khelnischen Agendenn
3250,röm: khäy: mayt: zeugwarth
3251,gewesten chur fürstlichen Payrischen mauttner zu Stain
3255,pischoff zu Lampsach undt weich pischoffen zu Paßaw
3259,armen weib
3262,closster jungf:
3106,"curfürstl. pfalzer. neuburger. (...) aignen hoffstatts nottdurfft, chürfürstl. zu Neuburg und Heidlberg aignen hofstatts notturfft"
3279,herzogn zu Troppau und Jägerndorff
3282,closster zu S: Clara 
3289,hochfürst. schwarzenberg. hof canzley secretary 
3292,landtsfürst. sogenanten lewen preuhaus zu yhnsprugg
3294,herrschaft. altenhoff bestöltn 
3296,schwedischen comitial gesandten 
3301,"abbte zu Crembßminster, einer löbl: landtschafft zu Linz verordneter"
3302,closster frauen bey S: Joseph in Wienn
3307,obrist leutenant v. herzog v. württemberg
3309,obrist leithenant v. melini nebst bedientn und bogage
3310,pfarrhof scheuering
3314,hafner leithen
3316,gmainen markht preuhaus
3317,grafen v. nesslroth nebst dero bediente
3318,grafen v. nesslroth und plettenberg nebst dero bediente 
3319,mit ainem preysschischen graffen
3321,königl. regiments rath
3329,H: Franz Sigmund Grafen von Lamberg Fraun Ehegemahl
3331,"Probhaus (Probationshaus; Noviziatshaus) für die österreichische Jesuiten-Provinz. 

https://www.geschichtewiki.wien.gv.at/Jesuitengeb%C3%A4ude"
3333,würkhlicher Hofcammer Secretarius
3337,comedianten
3339,kay. Hof Kriegs Rath Agenten
3342,gewester Herr Pfleger zu Neuburg
3348,Neuburg: hofstatt
3566,feurwercher
3585,"Angelegt für Graf Rabata. Ergänzung ""Generalgouverneur""."
3350,underschiedlichen Ministeris
1108,underschiedlichen ministeris
3351,gewestn hoff garttner
3352,o:ö: kay. Salz Cammer guetts
3354,Saloman Wertheimer sambt ein mit conssorten
3355,"regiment colmoneri, das collmanerische regiment"
3358,kay. Mölkhisches regiment
3361,Peez und Pazer
3372,Beverisches courassier regiment
3389,taxischer hofrath
3394,Es muss sich mit größter Wahrscheinlichkeit um Baumgartenberg in OÖ handeln.
709,Herrschaft Perg - dennoch ist Berg bei Rohrbach eindeutig (siehe die Ortsbeschreibung)
3401,"Quelle: ""landtgrafen zu Hessen und abbten zu Foltnar"""
3403,Spittalgebeu  [des löbl. Kloster Degernsee in Bayrn] (nach) Achleithen in Unter Oesterreich
3406,bayr. völkher
2793,secretary von Praunschweig
3417,"Quelle: ""verohrten"". Evtl. ist das ein Nachname"
3430,"Quelle: ""hochfürstl. passauer. zwayen befelten zu Linz""."
3196,Quelle: Grand Duc de Toscano
2360,"Hs. 138, pag. 110: alt Wallisische infanterie regement"
3445,Gefängnis
3461,hanoberische prinzen
3480,Lesung unsicher.
706,Prälat von Schlägl
644,"""Ebenzweug"""
3346,Quelle: mit ainem dürkh. pfaffen
3510,hof eysemthür negst Crembs
3520,Herrschaft Freyling
3526,Herr zu Grueb
3528,kay. courier
3529,Im Besitz der Familie von Salaburg (seit 1700).
3534,Generol Herberst. Regt. zu fues
3535,Worthendankh. husaren regt.
3594,"Alternativ: ""Augustiner bey Maria Loretha in Wienn"". Die Loretokapelle war Teil der Augustinerkirche bei der Hofburg. https://de.wikipedia.org/wiki/Loretokapelle_(Augustinerkirche_Wien)"
479,"frau baron, baronin, baronesse"
1096,"gnaden ohrt Mariae Zell, unsere liebe frau Mariazehl"
318,Alternativ: Burg und Herrschaft Eferding.
1326,"Zwar ist ""am Inn"" nicht angegeben, jedoch würde Neuburg an der Donau in diesem Zusammenhang keinen Sinn machen."
3688,"pilthauer, bilthauer"
