vornameId,vorname,vorname_bemerkungen
1,Franz,
2,Ferdinand,
3,Lorenz,
4,Samuel,
5,Matthias,Oft synonym zu Matthäus.
6,Zacharias,
8,Christoph,Oft synonym zu Christian.
9,Johann Heinrich,
10,Bernhard,Ital. auch Bernardo.
11,Wolfgang,Synonym zu Wolf.
12,Peter,
13,Johann,
14,Johann Georg,
15,Philipp,Alternativ: Philibert
16,Georg,
17,Jakob,
18,Thomas,
19,Simon,
20,Bartholomäus,
21,Joseph,
22,Sebastian,
23,Franz Sebastian,
24,Anton,Auch: Antonio
25,Michael,
26,Johann Matthias,
27,Georg Christoph,
28,Johann Benedikt,
29,Johann Konrad,
30,Johann Friedrich,
31,Johann Baptist,"auch Giovanni Battista, Gio. Batta."
32,Karl,"Carl, selten: Carolus."
33,Elias,
34,Leopold,
35,Balthasar,Alternative Schreibung in der Quelle: Walthauser
36,Sigmund Ehrenreich,
37,Tobias,
38,Veit,Alternativ Veitl.
39,Claudius,
40,Joseph Christoph,
41,Rudolf,
42,Niklas,"Alternativ: Nikolaus, Nicolaus, Nicolas."
43,Friedrich Karl,
44,Hieronymus,
45,Paul,
46,Johann Michael,
47,Nathan,
48,Johann Bernhard,
49,Johann Christoph,
50,Joseph Karl,
51,Johann Niklas,Alternativ: Johann Nicola.
52,Friedrich,
53,Johann Jakob,
54,Johann Ludwig,
55,Gabriel,
56,Johann Anton,
57,Johann Adam,
58,Andreas,Synonym zu Andre.
59,Johann Kaspar,
60,Melchior,
61,Ignaz,
62,Heinrich,auch: Heinricus
63,Johann Paul,
64,Leb,"Leb, Löb, Lebel"
65,Christian,Oft synonym zu Christoph.
66,Ambrosius,"Ambrosius, Anophorus, Onuphrius, Anophrus, Anofrus"
67,Adam,
68,Gottlieb,Häufig synonym zu Gottlob verwendet.
69,Georg Christian,
70,Johann Ulrich,
71,Lukas,
72,Maria,Alternativ: Morina.
73,Andre,Synonym zu Andreas.
74,Ignaz Christoph,
75,Hirschl,
77,Johann Andre,
78,Johann Sigmund,
79,Daniel,
80,Isaak,
81,Franz Karl,
82,Philipp Joseph,
83,Karl Anton,
84,Peter Konrad,
86,Wenzel,"Sehr selten die Langform Wenceslaus, Wenceßlaus."
87,Alexander,
88,Franz Joseph,
89,Dominicus,
90,Stephan Joseph,
91,Johann Ferdinand,
92,Johannes,
315,Karl VI.,
94,Christian Gottlieb,
95,Johann Emanuel,
96,Elisabeth,
97,Reichard,
99,Franz Gottlieb,
100,Maximilian,
101,Martin,
103,Lambert,
104,Gottfried,
105,Georg Wilhelm,
106,Georg Matthias,
107,Georg Bartholomäus,
108,Augustin,
109,Johann Eitel,
110,Valentin,
111,Oswald,
112,Maria Rosina,
113,Erhard,Ernhard
114,Martin Wilhelm,
115,Johann Leonhard,
116,Johann Cornelius,
117,Adam Christoph,
118,Franz Anton,
119,Kaspar,
120,Georg Jakob,
121,Urban,
122,Andrea,
123,Wolf,Synonym zu Wolfgang.
124,Leonhard,
935,Andre Philipp,
126,Johann David,
127,Isidorius,
128,Wilhelm,
129,Stephan,Alternativ auch: Estienne.
130,Karl Joseph,
131,Anna Maria,
132,Bonaventura,Bavent
133,Dionysius,
134,Anna,
1097,Heinrich Jakob,
136,Johann Thomas,
137,Emanuel,
138,Peter Georg,
139,Ruprecht,Alternativ Rupert.
140,Benedikt,
141,Johann Maria,Alternativ: Johann Marina/Morina.
142,Herculiano,Alternativ: Ercolion
143,Aurelio,
144,Johann Peter,Variation: Johann Pietro
145,Christoph Gottlieb,
146,Ulrich,
147,Hermann,
148,Brigitta,
149,Georg Friedrich,
150,Lorenz Matthias,
151,Johann Wolfgang,
152,Sebastian Jakob,
153,Joseph Alois,
154,Barbara,
155,Johann Philipp,
156,Elias Christoph,
158,Michael Ehrenreich,
159,David,
160,Sebald,
161,Johann Martin,
162,Johann Albrecht,
163,Johann Joseph,
164,Jakob Christian,
165,Johann Salomon,
166,Georg Ludwig,
167,Joachim,
168,Gervais,
169,Moritz,
170,Girolano,
171,Simon Joseph,
172,Justus,
173,Konrad,
174,Gregor,
175,Christian Gottfried,
176,Fridian,Alternativ: Fredian
177,Pompeo,
178,Lukas Joseph,
179,Karl Christoph,
180,Johann Wolf,
1098,Martin Matthias,
183,Elisabeth Christine,
184,Heinrich Anton,
185,Georg Michael,
186,Pierre ,
187,Maria Agnes,
188,Maximilian Emanuel,
189,Philipp Niklas,
190,Franz Andre,
191,Adolf,
192,Markus,Synonym zu Marx.
193,Augustin Friedrich,
194,Georg Paul,
195,Ottokar,
196,Johann Christian,
197,Gerhard,
198,Gotthard,
199,Amalia,
200,Kaspar Gottlieb,
201,Johann Wilhelm,
202,Zacharias Karl,
203,Fridelin,
204,Georg Erasmus,
205,Cornelius,
718,Juda,
207,Felix,
208,Romanus,
209,Wolf Jakob,
210,Johann Stephan,
211,Agnes,
213,Georg Adam,
214,Ursula,
215,Gottfried Heinrich,
1718,Conorinho Dominico,
217,Florian,
218,Abraham,
219,Margareta,
220,Regina,
221,N.,
222,Jeremias,
223,Georg Philipp,
224,Katharina,
225,Georg Ignaz,
226,Eugen,
227,Gallus,
228,Philipp Ludwig,
229,Alois,
230,Anton Matthias,
231,Amor,
232,Franz Ignaz,
233,Maria Katharina,
234,Egidius,
235,Johann Isaak,
236,Johann Rudolf,
237,Lorenz Anton,
238,Gregor Ferdinand,
239,Franz Stephan,
240,Johann Eberhard,
241,Johann Gottlieb,
242,Franz Jakob,
243,Franz Michael,
244,Isaak Salomon,
245,Johann Franz,
246,Salomon,
247,Wolf Heinrich,
249,Joseph Anton,
250,Johann Abraham,
251,Philipp Jakob,
253,Marx,Synonym zu Markus. Im Einzelfall auch Marco.
254,F. X.,
256,Joseph Melchior,
257,Franz Erhard,
258,Johann Gerhard,
259,Magdalena,
261,Ubaldo,Alternativ: Abaldo.
262,Albert,
263,Blasius,
265,Niklas Johann,
266,Wilhelm Michael,
267,Gordian,"Quelle: Cordian, Cordianus"
268,Eduard,
269,Franz Felix,
271,Onuphrius,"Anophorus, Onuphrius"
272,Martin Anton,
273,Georg Gotthard,
274,Johann Sebastian,
275,Korbinian,
276,Ernst Franz,
277,Franz Kaspar,
278,Albrecht,
279,Niklas Christoph,
280,Peter Anton,
281,Joseph Bartholomäus,
282,Johann Otto,
283,Anton Joseph,
284,Wilhelm Bernhard,
285,Kaspar Balthasar,
286,Sigmund,
287,Maria Anna,
288,Adam Joachim,
289,Johanna,
290,Johann Dominicus,Johann Dominique
291,Johann Zacharias,
292,Salvator,"Salvator, Valnator, Salvador"
293,Leopold Anton,
294,Eusebius,
295,Andre Adam,
296,Erasmus,
297,Ferdinand Maria Innozenz,
298,Marco,
299,Wolf Moises,Wolf Moyses
300,Niklas Sebastian,
301,Johann Ignaz,
302,Justus Daniel,
303,Gottfried Johann,
304,Jakob Joseph,
305,Anton Ignaz,
306,Joseph Georg,
307,Georg Peter,
308,Faustino,
309,Christoph Anton,
310,Christian August,Alternativ auch: Christian Augustin.
311,Anton Sebastian,
1110,Zacharias Wilhelm,Zach: Wilhelm
313,Ernst Friedrich,
314,Ludwig,Selten auch Ludovico.
316,Rosina,
317,Diego,
318,Norbert,
319,Franz Adam,
320,Egmund Gottfried,Alternativ: Egmond Gottfried
321,Maria Regina,
322,Balthasar Heinrich,
323,Wolfgang Thomas,
324,Heinrich Gottfried,
325,Pankraz,Alternativ: Bongräz
327,Georgius,
1108,Anna Eva,Anna Eua
330,Rupp,
331,Julius,Alternativ: Julio.
332,Augustin Gottlieb,
333,Heinrich Simon,
334,Johann Karl,
336,Wolfgang Moritz,
337,Andre Jakob,
339,Franz Xaver,
340,Marquard,
341,Peter Zacharias,
342,Marco Antonio,
343,Matthias Franz,
344,Thomas Joseph,
345,Paul Franz,
346,Silvester,
347,Garogno,"Garogno, Garognor. Evtl. auch Nachname."
348,Moises,
349,Christoph Samuel,
350,Christoph Ignaz,
351,Tobias Michael,
352,Crispinus,
353,Bonhomo,
354,Johann Werner,
355,Jakob Prosper,
356,Christoph Christian,
357,Nikodemus,
358,Georg Niklas,
359,Mager,Lesung Quelle: Mager oder Moger. Bedeutung unbekannt.
360,Johann Joachim,
361,Georg Heimbold,Quelle: Georg Haimbol. Evtl. Georg Hannibal.
363,Ludwig Anton,Selten auch Ludovico Antonio.
364,Christian Joseph,
365,Wolf Karl,
367,Otto Friedrich Ferdinand,
368,Joseph Cölestin,
369,Johann Dietrich,
370,Matthias Anton,
371,Lambrecht,
372,Ernst,
373,Wolf Christoph,
987,Jesaja,"Isaias, Esaias"
375,Franz Niklas,
376,Johann Ehrenreich,
377,Jonas,
912,Sigmund Joseph,
380,Johann Gregor,
381,Franz Matthias,
382,Ferdinand Friedrich,
383,Simon Adam,
384,Ignaz Joseph,
385,Primus,Brimus
386,Gottfried Christian,
387,Georg Thomas,
388,Achatz,Achatius
389,Franz Christoph,
390,Karl Franz,Alternativ: Karl Francois.
391,Thomas Theodor,
392,Maria Salome,
393,Johann Anton Joseph,
394,Simon Karl,
395,Georg Gottfried,
396,Georg Sigmund,
397,Maria Franziska,
399,Johann Leopold,
400,Sara,
401,Johann Marx,
402,Paul Karl,
403,Anton Michael,
404,Eustachius,
405,Ehrenreich Wilhelm,
406,Franz Ludwig,
407,Renato,
408,Erhard Anton,
409,Sebastian Ignaz,
410,Jakob Ignaz,
411,Georg Lorenz,
412,Doss,
1686,Paolo,
414,Johann Gabriel,
415,Eva,
416,Rochus,"Rohus, Rocho, Rocco"
417,Christoph Heinrich,
419,Eberhard Friedrich,
420,Wolf Kaspar,
421,Jakob Emanuel,
422,Michael Anton,
423,Baptist,"Baptist, Battista, Batta. Pabst"
424,Marx Anton,
425,Paul Bernhard,
426,Christoph Wilhelm,
427,Johann Balthasar,
428,Raphael,
429,Josue,
430,Gotthard Wilhelm,
431,Franz Gabriel,
432,Kaspar Bernhard,
433,Christoph Daniel,
434,Dorothea,
435,Michael Heinrich,
436,Sebastian Gottlieb,
437,Engelbert,
438,Joseph Jakob,
439,Nicola,
440,Kilian,
441,Adam Franz,
442,Johann Hermann,
443,Wolf Sigmund,
444,Andre Gottlieb,
445,Wolf Philipp,
446,Christoph Ludwig,
1114,Ottomann,"Quelle: Othomanns. Unklar ob Vorname, evtl. Familienname"
448,Fernandes,
449,Willibald,"Williwalth, Wilibold, Wüllewolth, Willewolth"
450,Colman,
451,Franz Wenzel,
452,Gumpel,
453,Wolf Ferdinand,
454,Fidelis,
455,Joseph Ignaz,
456,Anton Leonhard,
457,Jean Charles,
458,Johann Melchior,
459,Christoph Jakob,
460,Michael Franz,
461,Heinrich Niklas,
464,Augustin Lorenz,
465,Prosper,
1028,Bernhard Anton,
467,Kajetan,
468,Heinrich Friedrich,
469,Joseph Zacharias,
470,Friedrich Ignaz,
471,Simon Abraham,
473,Albrecht Marx,
474,Lemel,
1116,Johann Benjamin,
476,Franz Friedrich,
477,Anton Jakob,
478,Samson,Quelle: Simson.
479,Ruprecht Sigmund,
480,Eleonora,
481,Jakob Michael,
483,Giovanni,
484,Ludwig Dominicus,
485,Philipp Heinrich,
486,Franz Gottfried,
487,Francois,
488,Aron,
489,Wolf Elias,
490,Maria Eva,
492,Lukas Friedrich,
493,Herz,
494,Friederman,
495,Georg Martin,
496,Wolf Tobias,auch: Wolfgang Tobias
497,Jakob Friedrich,
498,Juliana,
499,Konrad Paul,
500,Paul Friedrich,
501,Maria Magdalena,
502,Christian Adam,
504,Sabbatini,
505,Johann Camillo,
506,Katharina Elisabeth,
507,Sabina,
508,Lazarus,
509,Jean,
510,Jobst,
511,Matthias Joseph,
512,Baruch,
513,Konrad Albrecht,
514,Samson Seckl,Quelle: Simoson Sekhl.
515,Dominicus Anton,
516,Crescenz,
517,Karl Friedrich,
518,Sophia Ursula,
519,Daniel Wolfgang,
520,Johann Daniel,
521,Friedrich Wilhelm,
523,Werner,
524,Joseph Philipp,
525,Rebekka,Rebecka
526,Johann Bonaventura,
527,Gottfried Wilhelm,
529,Konstantin,
530,Claudius Franz,
531,Joseph Gabriel,
532,Gerson,auch: Gesson
533,Cölestin,
534,Philipp Anton,
535,Johann Gottfried,
536,Simon Judas Thaddäus,
537,Caesarius Otto,
538,Peter Paul,
539,Konrad Abraham,
540,Maria Susanna,
541,Ulrich Anton,
542,Jonas Paul,
543,Peter Xaver,Peter Xaveri
544,Matthias Alexander,
545,Joseph Franz,
546,Christina,
547,Liebmann,"Liebmann, Liebermann"
548,Johann Rochus,
549,Apollonia,
550,Franz Leonhard,
551,Franz Maria,
552,Jakob Oswald,
554,Franz Paul,
555,Joseph Christian,
919,Franz Karl Joseph,
557,Sophia,
558,Thaddäus,
559,Lehmer,"Evtl. Verschreibung von ""Lehman"", ""Lemle""?"
560,Eva Rosina,
561,Konrad Sigmund,
1113,Georg Albert,
563,Klemens,"Alternativ: Clemens, Clement"
564,Theresia,
565,Leopold Christian,
566,Georg Heinrich,
851,Sigmund Cornelius,
568,Mauriz,
569,Kaspar Florenz,
570,Stanislaus,
571,Eberhard,alternativ: Eberhalt
572,Seckl Samson,
573,Johann Thaddäus,
574,Franz Silvester,
576,Karl Ludwig,
577,Paul Niklas,
578,Friedrich Anton,
579,Ferdinand Benedikt,
580,Franz Wilhelm,
581,Leopold Adam,
582,Julius Maria,Julio Maria
583,Wolf Daniel,
585,Manfre,"Manfre, Manfra, Monfer"
586,Georg Joseph,
587,Anna Katharina,
588,Kaspar Leopold,
589,Joseph Elias,
590,Thomas Christian,
591,Johann Fortunat,
592,Reichard Friedrich,
593,Philipp Kaspar,
594,Johann Ernst,
595,Kaspar Johann,
596,Franz Leopold,
597,Laurenz,
598,Gundaker,
599,Marx Lion,Alternativ: Marx Leo.
600,Matthias Wilhelm,
601,Karl Leopold,
941,Zuanne,
603,Johann Augustin,
604,Dominicus Maria,
605,Ignaz Franz,
606,Maria Barbara,
607,Joseph Adrian,
608,Peter Franz,
609,Heinrich Theodor,
610,Daniel Hieronymus,
611,Johann Franz Gottlieb,
612,Rudolf Matthias,
613,J.,
614,Heinrich Wilhelm,
615,Kaspar Joseph,
616,Johann Angelo,
914,Sebastian Gottfried,
618,Model,
619,Georg Magnus,
620,Friedrich Franz,
621,Ferdinand Franz,
622,Mayr,"Meyr, Mayr. Aktuelle Form: Meir."
624,Gandenzo,
625,Cornelius Daniel,
668,Veit Jakob,
628,Tobias Joseph,
629,Maria Sabina,
630,Samuel Simon,
631,Georg Franz,
632,Jakob Anton,
633,Jean Baptist,
634,Christian Daniel,
635,Leopold Joseph,
636,Eva Regina,
637,Vinecate Luisia,
639,Cesare,
641,Susanna,
642,Joseph Klemens,Alternativ: Joseph Clemens/Clement
1099,Gottfried Salomon,
644,Basilius,
645,Othmar,Ottmär
646,Maria Elisabeth,
647,Claudia Regina,
648,Herz Leb,
649,Ernst Jakob,
650,Giuseppe,
651,Georg Dubold,"Alternativ: Georg Dupol, Georg Dubol"
652,Wolf Matthias,
653,Hilarius,
654,Theodor,
655,Jakob Georg,
656,Christian Michael,
657,Friedrich Paul,
658,Emonet,
659,Salome,
662,Gervasius,
663,Wolfgang Erhard,
664,Ignaz Friedrich,
665,Joseph Ferdinand,
666,Friedrich Augustin,
667,Julian,
669,Johann Wenzel,
670,Johann Erhard,
671,Leopold Karl,
1117,Friedrich Alois,
673,Heinrich Christoph,
674,Pantaleon,
675,Dietwald,
676,Johann Wolf Jakob,
677,Anton Maria,
678,Georg Andre,
679,Salomon Levi,
680,Johann Ruprecht,
681,Maria Clara,
682,Leonhard Jakob,
683,Afra,
684,Stephan Maria,
685,Christoph Franz,
686,Paul Martin,
687,Joseph Andre,
688,Kunigunda,
689,Christian Friedrich,
690,Georg Adolf,
691,Georg Stephan,
692,Franz Bernhard,
693,Raimund,Reymundt
694,Juliana Elisabeth,
695,Israel,Alternativ: Isarel
1017,Johann Virgil,
714,Johann Baptist Marco,
698,Claudius Niklas,
699,Johann Georg Benedikt,
700,Jean Amor,
701,Wolfgang Wilhelm,
702,Engelhard,
703,Angelo Maria,
704,Daniel Xaver,
705,Adam Jonathan,
707,Bartolt,"Normalisiert wohl: Berthold, Bertolt."
708,Johann Silvester,
710,Joachim Ernst Walter,
711,Sebastian Paul,
712,Johann Reichard,
864,Fabian,
715,Michael Florian,
716,Magnus,
719,Adam Ferdinand,
720,Konrad Matthias,
721,Melchior Ignaz,
722,Lorenz Michael,
723,Joseph Matthias,
726,Erdmann,"Erdman, Ettman, Edman"
727,Wolf Simon,
728,Helena,
729,Simon Anton,
730,Franz Joseph Anton,
731,Johann Magnus,
732,Leopold Ulrich,
733,Emmerich,
734,Johannes Bonifatius,
735,Marin,
736,Wilhelm Gottfried,
737,Zachäus,
738,Placidus,
739,Nachum,
740,Thomas Gundaker,
741,Johann Bartholomäus,
742,Franz Gregor,
743,Anton Adam,
744,Adrian,
942,Franz Dominicus,
747,Frobenius Ferdinand,
748,Georg Ferdinand,
750,Johann Moritz,
751,Matthias Karl,
752,Matthias Ulrich,
753,Gordian Anton,Quelle: Cordian Anton
754,Johann Adolf,
755,Henoch,
756,Andre Joseph,
757,Johann Matthäus,
758,Georg Gottlieb,
759,Lemle,
760,Wolf Joseph,
761,Antonia,
762,Clara,
763,Adam Friedrich,
764,Karl Ignaz,
765,Johann Justin,
766,Viktor,
767,Georg Moises,
768,Thomas Kaspar,
769,Sybille,
770,Isaak Nathan,
771,Andre Bernhard,
772,Giulio,
773,Hermann Niklas,
774,Christoph Andre,
775,Benedikt Michael,
776,Franz Julio,
777,Adam Anton,
778,Heinrich Daniel,
779,Gaudenz,
780,Angelo,
781,Franz Thaddäus,
782,Fabry,
783,Albrecht Karl,
784,Ignaz Christian,
785,Cordula,
786,Georg Leopold,
787,Tobias Christoph,
788,Johann Jeremias,
1602,J. C.,
791,Emmerich Wilhelm,
792,Maximilian II. Emanuel,
793,Friedrich Ludwig,
794,Ehrenreich,
795,Franz Georg,
796,Anton Christ.,
797,Johann Prosper,
798,Eberhard Ludwig,
799,Joseph Kasimir,
800,Johann Castor,
801,Mechtildis,
802,Matthias Michael,
803,Christoph Theodor,
805,Ehrenwert,
806,Georg Tobias,
807,Leopold Franz,
809,Maximilian Adam,
810,Christoph Adam,
811,Andre Christian,
812,Paul Ludwig,
813,Johann Andreas,
814,Eltert,
815,Ignaz Dominicus,
816,Xaver,
817,Kaspar Rudolf,
818,Wolf Adam,
820,Cosmo,
821,Marco Aurelo,
822,Sebastian Anton,
823,Johann Hieronymus,
824,Johann Achatz,
825,Apostins,Quelle: apostins
826,Joachim Ernst,
827,Johann Georg Konrad,
828,Peter Samson,
829,Ferdinand Ignaz,
880,Wolf Emanuel,
831,Christoph Gottfried,
832,Dietrich,
833,Oratio,
835,Johann Hercules,
836,Georg Balthasar,
837,Daniel Michael,
838,Leopold Kaspar,
839,Joseph Leopold,
840,Johann Georg Wilhelm,
841,Johann Valentin,
842,Anna Theresia,
843,Paul Augustin,
844,Grange,Alternative: Grage
845,Wolf Michael,
846,Johann Elias,
847,Paul Kaspar,
848,Abraham Veit,
849,Johann Egidius,
850,Matthias Christian,
853,Christoph Friedrich,
854,Maria Theresia,
855,Maria Johanna,
856,Wolf Balthasar,
857,Anton Niklas,
859,Lucia,
861,Johann Veit,
862,Johann Lorenz,
863,Georg Anton,
865,Lorenz Peter,
866,Christoph Baptist,
867,Johann Alois,
868,Daniel Friedrich,
869,Jakob Christoph,
870,Bernhard Matthias,
871,Franz Zacharias,
873,Friedrich Gottlieb,
874,Sebastian Christoph,
875,Heinrich Anton Karl,
876,Eibert Heinrich,
877,Martin Karl,
878,Donat,
879,Guido,
881,Peter Andre,
882,Joseph Friedrich,
883,Leopold Andre,
884,Wenzel Franz,
885,Johann Christ.,
886,Ferdinand Ludwig,
887,Wilhelm Alexander,
888,Anna Margareta,
889,Jakob Franz,
890,Daniel Wilhelm,
946,Johann Claudius,
892,Karl Alexander,
893,Kasimir,
894,Wolf Georg,
895,Jakob Theobald,
896,Joseph Anselm,
897,Hartmann,
898,Ludwig Valentin,
899,Friedrich Salomon,
900,Johann Samuel,
901,Anton Lukas,
902,Lehman,
903,Sigmund Karl,
904,Stephan Ferdinand,
905,Anton Karl,
906,Heinrich Christian,
907,Gregor Ignaz,
908,Otto,
909,Peter Maria,
910,Niklas Maria,
911,Kaspar Ignaz,
913,Maximilian Wilhelm,
915,Francesco,
916,Gottfried Anton,
917,Georg Felix,
918,Niklas Christian,
920,Fabrizius,
921,Quanditi,
922,Rochus Maria,
923,Philipp Wilderich,
924,Gotthard Anton,
925,German,
926,Berend,
927,Johann Georg Friedrich,
929,Magdalena Theresia,
930,Coreto,
931,Bartholomäus Anton,
932,Franz Dionysius,
933,Benigno,
937,Nicolas,
938,Justin,
939,Ladislav Adam,
940,Benjamin,
943,Daniel Abraham,
944,Joseph Ernst,
947,Johann Claudius,
948,Albina,
949,Adam Melchior,
1122,Oncento,Oncento. Evtl. Familienname.
953,Nicolo,
954,Georg Bernhard,
955,Lazarus Wolf,
956,Karl Bernhard,
957,Ernst Emanuel,
958,Judith,
959,Joseph Wolfgang,
960,Christian Georg,
961,Maria Judith,
1018,Biaggio,
963,Philipp Adam,
964,Heinrich Philipp,
965,Giacomo,
966,Ernst Gottlieb,
967,Georg Samuel,
968,Franz Thomas,
969,Johann Gotthard,
970,Andre Paul,
971,Edmund,Alternative Schreibung: Erdmonth
972,Mayr Lazarus,
973,Anton Gabriel,
974,Hambert,
975,Wolf Salomon,
976,Franziska,
977,Levin,
979,Karl Richard,
980,Michael Jakob,
983,Seligmann,Seligmon
1107,Ismal,Issmal
986,Balman,
988,Robert,
989,Philipp Eberhard,
990,Wolf Reichard,
992,Leo,
993,Johann Simon,
994,Marx German,
995,Michael Philipp,
996,Karl Paul,
997,Matthias Gottlieb,
998,Georg Konrad,
999,Vinzenz,
1000,Severin,
1001,Christoph Joseph,
1002,Anna Clara,
1003,Joseph Ulrich,
1005,Wolf Gottlieb,
1006,Johann Klemens,Alternativ: Johann/Hanns Clemens/Clement
1008,Georg Karl,
1009,Karl Adam,
1010,Franz Ferdinand,
1011,Jakobina,
1012,Ibrahim,
1014,Johann Theodor,
1015,Joseph Niklas,Joseph Nicolas
1016,Johann Florian,
1019,Ferdinand Zacharias,
1020,Justus Vollrath,Just Vollrath
1021,Franz Alois,Franz Aloyssius
1022,Jakob Paul,Jacob Paul
1023,Wilhelm Georg,Wilhalbm Georg
1024,Franz Andre Wenzel,Franz Andre Wenzl
1026,Martha,"Marta, Martha"
1027,Franz Johann,Franz Johann
1041,Ottavio,"Octavio (span.), Ottavio (ital.)"
1030,Michael Lorenz,Michael Lorenz
1031,Heinrich Ludolf,Hainrich Ludolpho
1052,Johann Gottlob,
1033,Georg Ehrenreich,Georg Ehrnreich
1034,Dove,Dovee
1035,Leb Jakob,
1036,Franz Cölestin,Franz Cellestin
1037,Hochmann,Hochman
1038,Moises Wolf,Moyses Wolf
1039,Jenewein,"Jenewein, Jenobein, Jennewein"
1040,Adolf Gabriel,Adolph Gabriel
1042,Barbosa,Barboza
1043,Domum,Quelle: Domum
1654,Paul Leonhard,Paul Leonhard
1045,Philipp Peter,
1046,Mehmet,Mehemet
1047,Anton Thaddäus,
1048,Wenzel Anton,Wenzl Antoni
1049,Melchior Dominicus,Melchar Dom.
1050,Heinrich Leonhard,Hainrich Leonhard
1051,Wolfgang Karl,Wolfgang Karl
1053,Jani,Jani
1054,Christoph Magnus,
1055,Anna Barbara,Anna Barbara
1667,Joseph Leonhard,
1057,Paul Gottfried,Paul  Gottfrid
1059,Walburga,"Waldburga, Balburga"
1720,Johann Con.,
1064,Niklas Daniel,Nicolas Daniel
1062,Monika,Monica
1063,Fortunat,Fortunat
1065,Johann Math.,Entweder Johann Matthias oder Johann Matthäus
1066,Gertraud,gerdraudt
1067,Franz Oswald,
1068,Salomon Isaak,Salomon Isaac
1069,Maria Josepha,Maria Josepha
1070,Georg Zacharias,
1071,Seifried Ferdinand,Seyfrid Ferdinand
1072,Viktor Maria,
1073,Ernst Heinrich,
1074,Niklas Joseph,
1075,Philipp Konrad,Phillipp Conrath
1076,Ferdinand Karl,
1077,Andre Georg,
1078,Burkhard,Burkhhard
1079,Lorenz Thomas,
1080,Franz Lorenz,Franz Lorenz
1081,Johann Cölestin,Johann Cellestin
1082,Johann Tobias,Joh: Tobiaß
1083,Anna Bernhardina,Anna Bernardina
1084,Johann Joseph Georg,
1085,Viktor Daniel,Victor Danieli
1086,Karl Daniel,
1087,Maria Christina,
1088,Ignaz Matthias,
1089,Sebastian Johann,
1090,Tobias Gotthard,Tobias Gotthardt
1091,Christ.,"Quelle: ""Christ:"". Entweder Christian oder Christoph. Beide Namen werden in der Quellen jedoch (häufig, immer?) synonym verwendet."
1092,Magnus Christoph,
1112,Rivardo,
1094,Chrysostomus,Chrisostomus
1095,Christoph Konrad,
1096,Georg Leonhard,
1100,Franz Virgilius,Franz Vigili
1101,Johann Raimund,
1102,Marx Ludwig,
1103,Wirich Philipp,Wierich Phillipp
1104,Joseph Wenzel,
1105,Ferdinand Anton,
1106,Franz Urban,
1118,Reichard Adam,
1119,Lothar,Quelle: Lotharius
1120,Friedrich Jakob,
1121,Christoph Joachim,
1115,Friedrich Peter,
1109,Johann Felix,
1111,Maximilian Gandolph,Maximilian Gandolph
1123,Franz Peter,
1124,Simhart,
1125,Sigismund,
1126,Hermangildus,Hermangildus
1127,Attanus,Attanus
1128,Eueseppe,
1129,Franz Rudolf,
1130,Lausitz,Lausiz
1131,Abendiam,Lesung unsicher
1132,Rudolf Heinrich,
1133,Emanuel Ludwig,
1134,Elias Wolfgang,
1135,Andreas Anton,
1136,Albrecht Ludwig,Albrecht Ludwüg
1137,Niklas Heinrich,Niclas Hainrich
1138,Anton Franz,
1139,Anton Bonaventura,Antoni Bonavent.
1140,Karl Seifried,
1141,Johann Ehrenfried,
1142,Klarin,Quelle: Glärin.
1143,Christian Gottlob,
1144,Mustafa,Mustapha
1145,Josue Jakob,
1146,Banajoc,Banajoc
1147,Agatha,Agatha
1148,Giuseppe Maria,
1149,Johann Urban,
1150,Paul Anton,
1151,Martin Peter,
1152,Johann Dubold,
1153,Albert Maria,
1154,Claudius Ludwig,
1155,Nikla,Nicla
1156,Christian Karl,
1157,Matthäus,Madheus
1158,Arnold,Arnolt
1159,Friedrich Christoph,Friderich Christoph
1680,Hostochi,Hostochi. Evtl. Nachname.
1161,Valerianus,
1162,Franz Alexius,
1163,Franath,Franath. Evtl. Familienname
1164,Joseph Thomas,
1165,Franz Heinrich,
1166,Eva Maria,
1167,Georg Marx,
1168,Konrad Balthasar,
1169,Sigmund Friedrich,
1170,Sigismund Franz,Sigißmundus Franciseus
1171,Michael Rudolf,Michel Ruedolph
1172,Osias,Osiaß
1173,Lienhard,Lienhardt
1174,Franz Albrecht,Franz Albrecht
1175,Johann Schweikhard,Hanß Schweickhart
1176,Jost,Jost
1177,Lorenz Ferdinand,Lorenz Ferdinandt
1178,Wolf Lukas,Wolf Lucaß
1179,Johann H.,Hannß H.
1180,Heinrich Sebastian,Hainrich Seb.
1181,Georg Ambrosius,Georg Abr. [könnte das nicht auch Georg Abraham sein? AS]
1182,Georg Abr.,"vermutlich Georg Ambrosius, da 1 Datensatz zuvor Ambrosius auch als Abr. abgekürzt wird (Quelle: 1652 Seite 112)"
1183,Jakob Johann Anton,Jacob Hanß Anthony
1184,Recolgian,
1185,Sig.,mehrere Möglichkeiten
1186,Karl Andre,Carl Andre
1187,Abr.,mehrere Möglichkeiten
1188,Zimbrecht,Zimbrecht
1189,Fernemon Peter,Fernemon Peeter - Lesung unsicher
1190,Sixtus,Sixt
1191,Gilly,Gilly - vermutlich alternive Form von Egidius
1192,Johann Baptist Peter,Johan Babtista Peeter
1193,Johann Lienhard,Hanß Lienhardt
1194,Albricus,Albricuß
1195,J. P.,
1196,Veronika,
1197,David Jakob,
1198,Gottlob,
1199,Wilhelm Franz,
1200,Magdella,Magdella
1201,Ul.,Ul.
1202,Virgilius,"Virgiliuß, auch: Vigillius"
1203,Faulus,Faulluß - Lesung unsicher
1204,Euphrosina,Euphrosina
1205,Benieman,event. ident mit Benjamin
1206,Wiguleus,
1207,Rudolf Joseph,
1208,Georg Federo,
1209,Ehrenfried,
1210,Theobald,
1211,Paul Jakob,
1212,Nicolaus,
1213,Simon Gottlieb,
1214,Ciprian,
1215,Johann Constantin,
1216,Peter Joseph,
1217,Maximilian Ernst,
1218,Hubert,
1219,Bierel,Lesung unsicher
1306,Niklas Dietrich,
1221,Sigmund Theopholus,
1222,Vaude,Evtl. Nachname als Teil eines Firmennamens
1223,Rudolf Johann,
1224,Martin Christoph,
1225,Karl Heinrich,
1226,Joseph I.,
1227,Andreas Thomas,
1228,Franz Sigmund,
1229,Frischl,"Evtl. ""Feischl"""
1230,Simon Albrecht,
1231,Wolf Sebastian,
1232,Tarnosto,
1233,Judas,
1234,Peter Niklas,
1235,Anton Ehrenreich,
1236,Ludwig Albrecht,
1237,Adam Konrad,
1238,Joseph Michael,
1239,Adam Roman,
1240,Joseph Dominik,
1241,Peter Christoph,
1242,Selig,Sellig
1243,Maria Margaretha,
1244,Anna Felicitas,
1245,Joseph Auruius,Lesung unsicher.
1246,Morvetus,Lesung unsicher.
1247,Traugott,
1248,Hartwig,"Quelle: ""Hartwich""."
1249,Gundian,
1250,Ludwig Xaver,
1251,Fidelius,
1518,Falk,
1253,Kaspar Diepold,
1254,Georg Albrecht,
1255,Veit Leonhard,
1256,Adam Alois,
1257,Jacques,Giacgue
1258,Gregor Matthias,
1259,Christoph Sigmund,
1260,Ananias,
1261,Daniel Philipp,
1262,Gio,
1263,Gio Francesco,
1264,Ferdinand Joseph,
1265,Jakob Andre,
1266,Eleonora Barbara Katharina,
1267,Jakob Bernhard,
1268,Wolf Anton,
1269,Innozenz Mortignor,
1270,Georg Andreas,
1271,Hegart,Hegart
1272,Karl Dietrich Otto,Carl Diethrich Otto
1273,Cleophas,
1274,Johann Christoph Gottlieb,
1275,Leonhard Konrad,
1276,Wolf Wilhelm,
1277,Albrecht Ernst,
1278,Romedio Franz,Romeli Franz
1279,Adolf Anton,
1280,Hieronymus Wilhelm,
1281,Anton Albert,
1282,J. M.,
1283,Simon Lambrecht,
1284,Christine Louise,
1285,Vespasian,"Quelle: ""Vespasien"""
1286,Anna Elisabeth,
1287,Justin Jakob,
1288,Karl Joseph Johann Anton Ignaz Felix,
1289,Joseph Maximilian,
1290,Michael Joachim,
1291,Lorenz Ignaz,
1292,Matthias Albrecht,
1293,Tobias Thomas,
1294,Ursula Katharina,
1295,Baregene,
1296,Thomas Karl,
1297,Brentano,
1298,Tomasso,
1299,Tobias Sebastian,
1300,Karl Jakob,
1301,Jakob Isaak,
1302,Rochus Anton,
1303,Bernhard Balthasar,
1304,Leonhard Balthasar,
1307,Jakob Salomon,
1308,Amsel,Quelle: Ambsl.
1309,Ernst Anton Wenzel,
1310,Matthias Jakob,
1311,Georg Franz Ludwig,Geörg Franz Ludwig
1312,Quirinus,Quirinus
1313,Johann Georg Friedrich,
1314,Ascher,
1315,Samuel Sebastian,
1316,Wilhelm Christoph,
1317,Anna Elen.,
1318,Hirsch Abraham,
1319,Georg Valentin,
1320,Andre Franz,
1321,Ludwig Samuel, 
1322,Cimersse,Cimersse. Lesung völlig unsicher.
1323,Marx Lazarus,
1324,Andreas Christoph,
1325,Gionati,
1326,Wilhelm Zacharias,
1327,Benedikt Joseph,
1388,Barapi,Barapi
1329,Süßkund,Susskund
1330,Justus Jakob,
1331,Octavia,Octavia
1332,Armand Ernestus,Arnant Ernestus
1334,Johann Georg Peter,
1335,Maria Eleonora,
1378,Isabelle,Isabelle
1728,Georg Beham,Quelle: Georg Behamb
1339,Franz Benedikt,
1340,Peter Sigmund,
1341,Karl Philipp,
1342,Dominicus Franz,
1343,Jakob Wenzel,
1344,Meinrad,
1345,David Raimund,
1346,Franz Ehrenreich,
1347,Ludwig Wilhelm,
1348,Simon Johann,
1349,Konrad Jakob,
1350,Georg Anton Joseph,
1351,Pincart,Lesung unsicher.
1352,Wolf Achatz,Wolf Achatio
1353,Reinbrecht,Reinbrecht
1354,Felicitas,
1355,Abraham Isaak,
1356,Paul Adam,Paul Adam
1357,Sebastian Christoph Jakob,"
"
1358,Hieronymus Baptist,
1359,Ernst Ludwig,Ernst Ludwig
1360,Michael Achatz,Michael Achatio
1361,Mischl,Mischl
1362,Berman Israel,
1363,Franz Anselm,
1684,Bavent,Bavent
1365,Anna Sabina,
1366,Theopholus,
1367,Niklas Christ.,
1368,Veit Christoph,
1369,Zacharias Mariophilus,
1370,Zacharias Niklas,
1371,Ludwig Konrad,
1372,Anna Rosina,Anna Rosina
1373,Paul Ignaz,Paul Ignatius
1374,Longinus,Wahrscheinlich eine Verschreibung von Leonhard oder Leopold.
1375,Johann Michael Gottfried,
1376,Wolfgang Jakob,
1377,Christ. Gottlieb,
1379,Lebner,Lebner
1380,Gottlieb Moritz,
1381,Franz Ernst,Franz Ernst
1382,Thomas Christoph,
1384,Rosa,Rosa
1385,Kaspar Cleophas,
1386,Johann Blasius,
1387,Seb.,
1389,Hannibal,Hanibal
1390,Marius,
1391,Karl Max,
1392,Johann Hektor,
1393,Veibl,Veibl
1394,Melchior Theobald,Melchior Theobald
1395,Bertran,Berdran
1396,David Franz,David Franz
1397,Carolo,
1398,Veit Joseph,
1691,Jean David,
1400,Matthias Erdmann,
1401,Philipp Wilhelm,Philip Wilhamb
1402,Ludwig Christ.,Ludwig Christ
1403,Joseph Paul,
1404,Amadeus,Amadeus
1405,Martin Paul,
1406,Franz Philipp,
1407,Johann Horaz,
1408,Engelbrecht Michael,Englbrecht Michael
1409,Maximilian Ulrich,Maximilian Ulrich
1692,Georg Christ.,
1411,Romualdo,Romualdo
1412,Heinrich Bernhard,Heinrich Bernh:
1413,Askasius,Aßcaßiuß
1414,Heinrich Franz,
1415,Thorin,
1416,Schweikhard,Schweickhart
1417,Alexander Joseph,
1418,Wolf Friedrich,Wolf Fridrich
1419,Salomon Jakob,
1420,Johann Lukas,Johann Luca
1421,Karl Augustin,
1422,Tobias Wenzel,
1719,Luzo,
1424,Mauritius,
1425,Joachim Andre,
1426,Johann Romanus,
1427,Gabriel Adam,
1428,Gabriel Abraham,
1429,Abraham Gottlieb,
1430,J. W.,
1431,Johann Peter Paul,
1433,Heinrich Johann,
1434,Matthias Adam,
1435,Maximilian Karl,
1436,Stephan Friedrich,
1437,Anna Victoria,
1438,Friedrich Alexander,
1439,J. J.,
1440,Peter Jakob,
1441,Adrian Ludwig,"Adrian Lud., Adrian Ludewig"
1442,Georg Dominicus,
1443,Jakob Thomas,
1444,Friedrich Eberhard,
1445,Jerosma,"Jerosma, Jerosme"
1446,Simon Michael,Simon Michel
1447,Abel,
1448,Karl Ferdinand,
1449,Johann Maximilian,
1450,Löser,
1451,Adam Ignaz,
1452,Wolf Konrad,
1711,Ferdinand III.,
1454,Nico,
1455,Michal,
1456,Franz Ignaz Wenzel,
1457,Johann Julio,
1458,Deodatus,Deotato
1459,M.,
1460,Leonhard Daniel,
1461,Martin Georg,
1469,Mändel,
1463,Dominicus Joseph,
1683,Benioni,
1717,Theo,
1466,Friedrich David,
1467,Johann Friedrich Bernhard,
1468,Karl Leonhard,Carl Leonhard
1471,Christoph Melchior,
1472,Georg Abraham,
1473,Wolfgang Hieronymus,
1474,Jakob Johann,
1475,Johann Adrian,
1727,Joseph Gerhard,
1477,Ludwig Stephan,
1478,Jeremias Paul,
1479,Wolfgang Friedrich,Wolfgang Friderich
1480,Wolf Engelbert,Wolf Englbert
1481,Wolf Augustin,Wolf Augustin
1482,Nicodemus,
1483,Joseph Herculano,Josef Hecalo
1484,Simon Ehrenreich,
1485,Philipp Ernst,
1486,Maria Felicitas,
1487,Wolfgang Tobias,
1488,Werner Jordan,
1685,Heinrich Kaspar,
1490,Michael Albrecht,
1491,Michael Gottfried,
1492,Johann Georg Joseph,
1493,Ferdinand Wilhelm,
1494,Georg Ernst,
1495,Bernhard Gabriel,
1496,Joseph Johann,
1497,Giacomo Maria,
1498,Philipp Sigmund,
1499,Thomas Paul,
1500,Wolfgang Philipp,
1501,Macarius,Macorius
1502,Markus Anton,Marx Anton
1503,Thognio,
1504,Martin Gottfried,
1505,Johann Christoph Anton,
1506,Matthias Konrad,
1507,J. R. ,
1508,Zeno Franco,
1509,Marx Karl,Marx Carl
1510,Jakob Sebastian,
1511,Julius Arnold,
1512,Adam Thomas,
1513,Georg Moritz,
1514,Johann Jost,
1515,Maria Elisabetha,
1516,W.,W:
1517,Franz Bartholomäus,
1519,Marcello,Marcello
1520,Jordan,
1521,Heinrich Johannes,
1522,Abbate,
1523,Maria Angela,
1524,Kaspar Melchior,
1525,Dietrich Abraham,
1526,Martin Ferdinand,
1527,Anton Philipp,
1528,Georg Gabriel,
1529,Wolf Ehrenreich,
1530,Henig,
1531,Emanuel Gerardo,
1532,Georg Wolf,Georg Wolf
1533,Wonian,
1534,Dominicus Karl,Dom. Carlo
1535,Damian Lorenz,
1536,Adam Leopold,
1537,J. L.,
1538,Gundaker Thomas,
1539,Augustin Leopold,
1540,Wolfgang Gottlieb,
1541,Joseph Kaspar,
1542,Thomas Tobias,
1543,Simon Lorenz,
1544,Justina,
1545,Philipp Friedrich,
1546,Paul Sebastian,
1547,Marquet,
1548,Fräßinus,
1549,Sebastian Konrad,
1550,Sebastian Albrecht,
1551,Clara Maria,
1552,Maria Amalia,
1553,Christian Martin,
1554,Elias Paul,Elias Paul
1555,Pietro,
1556,Wolfgang Matthias,
1681,C. F.,
1558,Abraham Balthasar,
1559,Johann Georg Bartholomäus ,
1560,Niklas Gottlieb,
1561,Marcelius,
1595,Wolfgang Anton,
1563,Piaso,
1564,Albrecht Daniel,
1565,Michael Norbert,
1566,Hermann Sigmund,
1567,Abandy,"Abandy, Aband"
1568,Albrecht Joseph Sigmund,
1569,Isaak David,
1570,Marx Daniel,
1571,Julio,
1572,Giulio Maria,
1573,Sebastian Philipp,
1574,Isaak Joseph,
1575,Wolf Eberhard,
1576,Thomas Balthasar,
1577,Christian Caietan,
1578,Philipp Christoph,Phillip Chrüstoph
1579,Joseph Marx,
1581,Antonio,
1582,Carolino,Vorname Quelle: Garolino.
1583,Vanbret,Vanbret
1584,E.,
1585,Georg Achatz,
1586,Georg Kaspar,
1587,Johann Jakob Aeneas,
1588,Maximilian Matthias,
1589,Septimus,
1590,Philipp Michael ,
1591,Rosalia,
1592,Fabio,
1593,Adolph Ernst,
1666,Dominicus Marquard,
1596,Ludwig Leopold,
1597,Christoph Martin,
1598,Marx Joseph,
1599,Maria Agata,
1600,Innozenz,
1601,Johann Marco,
1603,Rudolf Gabriel,
1604,David Michael,
1605,Ernst Christoph,
1606,Joseph Martin,
1607,Franz Martin,
1608,Franz August,Franz Augustin 
1609,Herkules,
1610,Paul Joseph,
1611,Joseph Peter,J
1612,Bernhard Friedrich,
1613,Christoph Bernhard,
1614,Ferdinand Norbert,
1615,Michael Georg,
1616,Martin Jakob,
1617,Matth.,Matth. [Matthias oder Matthäus]
1618,Georg Melchior,"
"
1619,Johann Maria Testa,Johan Maria Testa
1620,Ernst Ferdinand,
1621,Viktoria,
1622,Anaphorus,Anophorus
1623,Steegman,
1624,Leonhard Anton,
1690,Wülk,Wülck
1627,Sebastian Joseph,
1628,Reichard Anton,
1629,David Gottfried,
1630,Adam Ludwig,
1631,Philade,
1632,Felix Michael,
1688,Eberhard Friedrich,
1634,Barbara Lucia,
1635,Barbarino,
1636,Mennas,
1637,Anna Regina,
1638,Ferdinand Jakob,
1640,Johann Noah,Johann Noa:
1641,Isaak Marx,
1642,Elias Albrecht,
1643,J. B.,
1644,Friedrich Ferdinand,Friderich Ferdinand
1645,Onofrio,
1646,Franz Christian,
1647,Christoph Ernst,
1650,Claudius Benno,
1651,Elisin,
1652,Franz Joseph Cölestin,
1653,Anton Christoph,
1655,Anton Friedrich,Antoni Fridrich
1656,Wolf Magnus,
1657,Innozenz Joseph,Inocentio Gioseppe
1658,Volkmann,
1659,Wolfgang Adam,Wolfgang Adam [siehe auch Wolf Adam]
1660,Jakob (d.J.),
1661,Jakob (d.Ä.),
1662,Clara Magdalena,Clara Magdalena
1663,Karl Tobias,Carl Thobias
1664,Honorato Adolpho,Honorato Adolpho
1668,Mihal,Mihal
1669,Gio Baptist,
1670,Johann Ehrenwert,
1671,Matthias Erhard,
1672,B.,
1673,Paulo,
1674,Lovis,
1675,Cenzy,"Unklar, ob Vorname oder Teil des Nachnamens. Lesung unsicher: ""Cenzy"", ""Cruzy"" [?]"
1676,Jene,
1677,Philipp Gottfried,
1678,Rudolf Friedrich,Rudolf Friderich
1679,Kaspar Ludwig,
1682,Alois Losicus,"Vorname ""Losicus"" evtl. der Nachname."
1701,Jodocus,"Quelle: ""Jod.""."
1694,A. E.,
1695,J. U.,
1696,Hirsch,
1697,Donon,
1698,Johann Cosmas,
1699,Albert Anton,
1700,Joh. Christ.,
1702,Friedrich Ehrenreich,
1703,Johann Weikhard,
1704,Joh.,Joh.
1705,Abraham Daniel,
1706,Gottfried Valentin,
1707,Johann Anton Ehrenreich,
1708,Vernharto,
1709,Niklas Franz,
1710,Arbren,Arbren
1712,Borzin,
1713,Melchard,
1714,Maria Martha,
1715,Giovar Artorio,
1716,Marco Maria,
1721,Pias,
1722,Joh. Sait.,
1723,Ferdinand Andre,
1724,Lorenz Bap. Jagnade,
1725,Franz Claudius,
1726,Märkl,Quelle: Märkhl
1729,Geno,
